{
  "chart": {
    "title": "Cholera reported deaths",
    "subtitle": "The number of reported deaths from [cholera](#dod:cholera). Testing and reporting is limited in many countries.",
    "note": "In outbreak situations, cases of acute watery diarrhea caused by other pathogens may be reported as cholera cases when laboratory confirmation is not available or feasible for all suspected cases. Reported causes of death are limited by death registration capacity.",
    "citation": "WHO, Global Health Observatory (2022); WHO, Weekly Epidemic Reports (2023)",
    "originalChartUrl": "https://ourworldindata.org/grapher/number-of-reported-cholera-deaths?v=1&csvType=full&useColumnShortNames=false",
    "selection": [
      "Africa",
      "Asia",
      "Oceania",
      "North America",
      "South America",
      "Europe"
    ]
  },
  "columns": {
    "Reported cholera deaths": {
      "titleShort": "Reported cholera deaths",
      "titleLong": "Reported cholera deaths",
      "unit": "reported deaths",
      "timespan": "1949-2021",
      "type": "Integer",
      "owidVariableId": 700774,
      "shortName": "cholera_deaths",
      "lastUpdated": "2023-06-01",
      "citationShort": " – processed by Our World in Data",
      "citationLong": " – processed by Our World in Data. “Reported cholera deaths” [dataset]. WHO, Global Health Observatory (2022); WHO, Weekly Epidemic Reports (2023) [original data].",
      "fullMetadata": "https://api.ourworldindata.org/v1/indicators/700774.metadata.json"
    }
  },
  "dateDownloaded": "2025-03-18",
  "activeFilters": {}
}