{
  "chart": {
    "title": "Rotavirus deaths that were preventable in children under five",
    "subtitle": "The number of preventable [rotavirus](#dod:rotavirus) deaths of children under five in 2016, had full rotavirus vaccine coverage been achieved.",
    "citation": "Troeger et al. (2018)",
    "originalChartUrl": "https://ourworldindata.org/grapher/avertable-deaths-from-rotavirus-with-full-vaccine-coverage?v=1&csvType=full&useColumnShortNames=false",
    "selection": [
      "World",
      "Sub-Saharan Africa",
      "East Asia",
      "Central Asia",
      "South Asia",
      "Southeast Asia",
      "North Africa and Middle East",
      "Western Europe",
      "Central Europe",
      "Eastern Europe",
      "Oceania",
      "North America",
      "Latin America and the Caribbean"
    ]
  },
  "columns": {
    "Avertable deaths if rotavirus vaccine coverage was 100% (Troegers, 2018)": {
      "titleShort": "preventable deaths from rotavirus",
      "titleLong": "preventable deaths from rotavirus",
      "unit": "",
      "timespan": "",
      "type": "Integer",
      "owidVariableId": 104398,
      "citationShort": " – processed by Our World in Data",
      "citationLong": " – processed by Our World in Data. “preventable deaths from rotavirus” [dataset]. Rotavirus deaths and cases in under-5s (IHME, 2018) [original data].",
      "fullMetadata": "https://api.ourworldindata.org/v1/indicators/104398.metadata.json"
    }
  },
  "dateDownloaded": "2025-03-18",
  "activeFilters": {}
}