Entity,Code,Year,Total deaths from dengue among both sexes
Afghanistan,AFG,2000,0.07
Afghanistan,AFG,2001,0.08
Afghanistan,AFG,2002,0.08
Afghanistan,AFG,2003,0.09
Afghanistan,AFG,2004,0.1
Afghanistan,AFG,2005,0.1
Afghanistan,AFG,2006,0.1
Afghanistan,AFG,2007,0.11
Afghanistan,AFG,2008,0.1
Afghanistan,AFG,2009,0.11
Afghanistan,AFG,2010,0.11
Afghanistan,AFG,2011,0.11
Afghanistan,AFG,2012,0.12
Afghanistan,AFG,2013,0.13
Afghanistan,AFG,2014,0.13
Afghanistan,AFG,2015,0.14
Afghanistan,AFG,2016,0.15
Afghanistan,AFG,2017,0.15
Afghanistan,AFG,2018,0.16
Afghanistan,AFG,2019,0.17
Afghanistan,AFG,2020,0.18
Afghanistan,AFG,2021,0.17
Africa,,2000,10.4
Africa,,2001,9.259999
Africa,,2002,9.12
Africa,,2003,9.57
Africa,,2004,9.04
Africa,,2005,9.49
Africa,,2006,9.47
Africa,,2007,10.570001
Africa,,2008,10.2699995
Africa,,2009,17.91
Africa,,2010,14.27
Africa,,2011,16.61
Africa,,2012,17.46
Africa,,2013,18.960001
Africa,,2014,19.96
Africa,,2015,21.67
Africa,,2016,23.699999
Africa,,2017,47.81
Africa,,2018,23.64
Africa,,2019,23.860003
Africa,,2020,27.17
Africa,,2021,25.890001
Albania,ALB,2000,0
Albania,ALB,2001,0
Albania,ALB,2002,0
Albania,ALB,2003,0
Albania,ALB,2004,0
Albania,ALB,2005,0
Albania,ALB,2006,0
Albania,ALB,2007,0
Albania,ALB,2008,0
Albania,ALB,2009,0
Albania,ALB,2010,0
Albania,ALB,2011,0
Albania,ALB,2012,0
Albania,ALB,2013,0
Albania,ALB,2014,0
Albania,ALB,2015,0
Albania,ALB,2016,0
Albania,ALB,2017,0
Albania,ALB,2018,0
Albania,ALB,2019,0
Albania,ALB,2020,0
Albania,ALB,2021,0
Algeria,DZA,2000,0
Algeria,DZA,2001,0
Algeria,DZA,2002,0
Algeria,DZA,2003,0
Algeria,DZA,2004,0
Algeria,DZA,2005,0
Algeria,DZA,2006,0
Algeria,DZA,2007,0
Algeria,DZA,2008,0
Algeria,DZA,2009,0
Algeria,DZA,2010,0
Algeria,DZA,2011,0
Algeria,DZA,2012,0
Algeria,DZA,2013,0
Algeria,DZA,2014,0
Algeria,DZA,2015,0
Algeria,DZA,2016,0
Algeria,DZA,2017,0
Algeria,DZA,2018,0
Algeria,DZA,2019,0
Algeria,DZA,2020,0
Algeria,DZA,2021,0
Andorra,AND,2000,0
Andorra,AND,2001,0
Andorra,AND,2002,0
Andorra,AND,2003,0
Andorra,AND,2004,0
Andorra,AND,2005,0
Andorra,AND,2006,0
Andorra,AND,2007,0
Andorra,AND,2008,0
Andorra,AND,2009,0
Andorra,AND,2010,0
Andorra,AND,2011,0
Andorra,AND,2012,0
Andorra,AND,2013,0
Andorra,AND,2014,0
Andorra,AND,2015,0
Andorra,AND,2016,0
Andorra,AND,2017,0
Andorra,AND,2018,0
Andorra,AND,2019,0
Andorra,AND,2020,0
Andorra,AND,2021,0
Angola,AGO,2000,0.03
Angola,AGO,2001,0.03
Angola,AGO,2002,0.03
Angola,AGO,2003,0.04
Angola,AGO,2004,0.05
Angola,AGO,2005,0.06
Angola,AGO,2006,0.06
Angola,AGO,2007,0.08
Angola,AGO,2008,0.09
Angola,AGO,2009,0.09
Angola,AGO,2010,0.11
Angola,AGO,2011,0.12
Angola,AGO,2012,0.13
Angola,AGO,2013,0.14
Angola,AGO,2014,0.16
Angola,AGO,2015,0.18
Angola,AGO,2016,0.18
Angola,AGO,2017,0.19
Angola,AGO,2018,0.21
Angola,AGO,2019,0.23
Angola,AGO,2020,0.25
Angola,AGO,2021,0.25
Antigua and Barbuda,ATG,2000,0
Antigua and Barbuda,ATG,2001,0
Antigua and Barbuda,ATG,2002,0
Antigua and Barbuda,ATG,2003,0
Antigua and Barbuda,ATG,2004,0
Antigua and Barbuda,ATG,2005,0
Antigua and Barbuda,ATG,2006,0
Antigua and Barbuda,ATG,2007,0
Antigua and Barbuda,ATG,2008,0.33
Antigua and Barbuda,ATG,2009,0.34
Antigua and Barbuda,ATG,2010,0.36
Antigua and Barbuda,ATG,2011,0
Antigua and Barbuda,ATG,2012,0
Antigua and Barbuda,ATG,2013,0
Antigua and Barbuda,ATG,2014,0
Antigua and Barbuda,ATG,2015,0
Antigua and Barbuda,ATG,2016,0
Antigua and Barbuda,ATG,2017,0
Antigua and Barbuda,ATG,2018,0
Antigua and Barbuda,ATG,2019,0
Antigua and Barbuda,ATG,2020,0
Antigua and Barbuda,ATG,2021,0
Argentina,ARG,2000,0.01
Argentina,ARG,2001,0.01
Argentina,ARG,2002,0.01
Argentina,ARG,2003,0
Argentina,ARG,2004,0
Argentina,ARG,2005,0
Argentina,ARG,2006,0
Argentina,ARG,2007,0
Argentina,ARG,2008,0
Argentina,ARG,2009,12.54
Argentina,ARG,2010,0
Argentina,ARG,2011,2.3
Argentina,ARG,2012,0
Argentina,ARG,2013,0
Argentina,ARG,2014,0
Argentina,ARG,2015,0
Argentina,ARG,2016,0
Argentina,ARG,2017,0
Argentina,ARG,2018,0
Argentina,ARG,2019,0
Argentina,ARG,2020,0
Argentina,ARG,2021,0
Armenia,ARM,2000,0
Armenia,ARM,2001,0
Armenia,ARM,2002,0
Armenia,ARM,2003,0
Armenia,ARM,2004,0
Armenia,ARM,2005,0
Armenia,ARM,2006,0
Armenia,ARM,2007,0
Armenia,ARM,2008,0
Armenia,ARM,2009,0
Armenia,ARM,2010,0
Armenia,ARM,2011,0
Armenia,ARM,2012,0
Armenia,ARM,2013,0
Armenia,ARM,2014,0
Armenia,ARM,2015,0
Armenia,ARM,2016,0
Armenia,ARM,2017,0
Armenia,ARM,2018,0
Armenia,ARM,2019,0
Armenia,ARM,2020,0
Armenia,ARM,2021,0
Asia,,2000,17391.98
Asia,,2001,18067.05
Asia,,2002,18800.889
Asia,,2003,19051.63
Asia,,2004,19733.68
Asia,,2005,19544.65
Asia,,2006,19561.42
Asia,,2007,22030.83
Asia,,2008,21703.01
Asia,,2009,22324.58
Asia,,2010,23385.42
Asia,,2011,23956.24
Asia,,2012,25908.39
Asia,,2013,26335.18
Asia,,2014,26587.82
Asia,,2015,27012.57
Asia,,2016,26919.88
Asia,,2017,27787.99
Asia,,2018,26933.57
Asia,,2019,25842.121
Asia,,2020,25372.85
Asia,,2021,23809.14
Australia,AUS,2000,3.05
Australia,AUS,2001,0
Australia,AUS,2002,0
Australia,AUS,2003,0
Australia,AUS,2004,0.99
Australia,AUS,2005,0.16
Australia,AUS,2006,0
Australia,AUS,2007,0
Australia,AUS,2008,0
Australia,AUS,2009,1.02
Australia,AUS,2010,1.03
Australia,AUS,2011,0
Australia,AUS,2012,2.1
Australia,AUS,2013,1.03
Australia,AUS,2014,0
Australia,AUS,2015,0.01
Australia,AUS,2016,0.01
Australia,AUS,2017,0
Australia,AUS,2018,0
Australia,AUS,2019,0
Australia,AUS,2020,0
Australia,AUS,2021,0
Austria,AUT,2000,0
Austria,AUT,2001,0
Austria,AUT,2002,0
Austria,AUT,2003,0
Austria,AUT,2004,0
Austria,AUT,2005,0
Austria,AUT,2006,0
Austria,AUT,2007,1
Austria,AUT,2008,0
Austria,AUT,2009,0
Austria,AUT,2010,0
Austria,AUT,2011,0
Austria,AUT,2012,0
Austria,AUT,2013,0
Austria,AUT,2014,1.06
Austria,AUT,2015,0
Austria,AUT,2016,0
Austria,AUT,2017,0
Austria,AUT,2018,0
Austria,AUT,2019,0
Austria,AUT,2020,0
Austria,AUT,2021,0
Azerbaijan,AZE,2000,0
Azerbaijan,AZE,2001,0
Azerbaijan,AZE,2002,0
Azerbaijan,AZE,2003,0
Azerbaijan,AZE,2004,0
Azerbaijan,AZE,2005,0
Azerbaijan,AZE,2006,0
Azerbaijan,AZE,2007,0
Azerbaijan,AZE,2008,0
Azerbaijan,AZE,2009,0
Azerbaijan,AZE,2010,0
Azerbaijan,AZE,2011,0
Azerbaijan,AZE,2012,0
Azerbaijan,AZE,2013,0
Azerbaijan,AZE,2014,0
Azerbaijan,AZE,2015,0
Azerbaijan,AZE,2016,0
Azerbaijan,AZE,2017,0
Azerbaijan,AZE,2018,0
Azerbaijan,AZE,2019,0
Azerbaijan,AZE,2020,0
Azerbaijan,AZE,2021,0
Bahamas,BHS,2000,0.01
Bahamas,BHS,2001,0.01
Bahamas,BHS,2002,0.02
Bahamas,BHS,2003,0.02
Bahamas,BHS,2004,0.03
Bahamas,BHS,2005,0.03
Bahamas,BHS,2006,0.04
Bahamas,BHS,2007,0.04
Bahamas,BHS,2008,0.04
Bahamas,BHS,2009,0.05
Bahamas,BHS,2010,0.06
Bahamas,BHS,2011,0.08
Bahamas,BHS,2012,0.05
Bahamas,BHS,2013,0.05
Bahamas,BHS,2014,0.04
Bahamas,BHS,2015,0.03
Bahamas,BHS,2016,0.03
Bahamas,BHS,2017,0.03
Bahamas,BHS,2018,0.03
Bahamas,BHS,2019,0.03
Bahamas,BHS,2020,0.02
Bahamas,BHS,2021,0.02
Bahrain,BHR,2000,0.03
Bahrain,BHR,2001,0.03
Bahrain,BHR,2002,0.03
Bahrain,BHR,2003,0.03
Bahrain,BHR,2004,0.03
Bahrain,BHR,2005,0.03
Bahrain,BHR,2006,0.03
Bahrain,BHR,2007,0.03
Bahrain,BHR,2008,0.03
Bahrain,BHR,2009,0.03
Bahrain,BHR,2010,0.03
Bahrain,BHR,2011,0.03
Bahrain,BHR,2012,0.03
Bahrain,BHR,2013,0.03
Bahrain,BHR,2014,0.03
Bahrain,BHR,2015,0.03
Bahrain,BHR,2016,0.04
Bahrain,BHR,2017,0.04
Bahrain,BHR,2018,0.04
Bahrain,BHR,2019,0.04
Bahrain,BHR,2020,0.04
Bahrain,BHR,2021,0.04
Bangladesh,BGD,2000,32.7
Bangladesh,BGD,2001,16.2
Bangladesh,BGD,2002,23.08
Bangladesh,BGD,2003,19.6
Bangladesh,BGD,2004,19.76
Bangladesh,BGD,2005,20.34
Bangladesh,BGD,2006,21.98
Bangladesh,BGD,2007,24.17
Bangladesh,BGD,2008,25.67
Bangladesh,BGD,2009,26.66
Bangladesh,BGD,2010,27.94
Bangladesh,BGD,2011,26.98
Bangladesh,BGD,2012,26.03
Bangladesh,BGD,2013,27.38
Bangladesh,BGD,2014,29.91
Bangladesh,BGD,2015,29.98
Bangladesh,BGD,2016,31.89
Bangladesh,BGD,2017,34.93
Bangladesh,BGD,2018,36.75
Bangladesh,BGD,2019,117.52
Bangladesh,BGD,2020,43.1
Bangladesh,BGD,2021,44.96
Barbados,BRB,2000,0.42
Barbados,BRB,2001,0.49
Barbados,BRB,2002,0.48
Barbados,BRB,2003,0.48
Barbados,BRB,2004,0.49
Barbados,BRB,2005,0.54
Barbados,BRB,2006,0.51
Barbados,BRB,2007,0.5
Barbados,BRB,2008,0.56
Barbados,BRB,2009,0.53
Barbados,BRB,2010,0.59
Barbados,BRB,2011,0.58
Barbados,BRB,2012,0.46
Barbados,BRB,2013,0.46
Barbados,BRB,2014,0.45
Barbados,BRB,2015,0.41
Barbados,BRB,2016,0.41
Barbados,BRB,2017,0.37
Barbados,BRB,2018,0.36
Barbados,BRB,2019,0.39
Barbados,BRB,2020,0.33
Barbados,BRB,2021,0.29
Belarus,BLR,2000,0
Belarus,BLR,2001,0
Belarus,BLR,2002,0
Belarus,BLR,2003,0
Belarus,BLR,2004,0
Belarus,BLR,2005,0
Belarus,BLR,2006,0
Belarus,BLR,2007,0
Belarus,BLR,2008,0
Belarus,BLR,2009,0
Belarus,BLR,2010,0
Belarus,BLR,2011,0
Belarus,BLR,2012,0
Belarus,BLR,2013,0
Belarus,BLR,2014,0
Belarus,BLR,2015,0
Belarus,BLR,2016,0
Belarus,BLR,2017,0
Belarus,BLR,2018,0
Belarus,BLR,2019,0
Belarus,BLR,2020,0
Belarus,BLR,2021,0
Belgium,BEL,2000,0
Belgium,BEL,2001,0
Belgium,BEL,2002,0
Belgium,BEL,2003,0
Belgium,BEL,2004,0
Belgium,BEL,2005,0
Belgium,BEL,2006,0
Belgium,BEL,2007,0
Belgium,BEL,2008,0
Belgium,BEL,2009,0
Belgium,BEL,2010,0
Belgium,BEL,2011,0
Belgium,BEL,2012,0
Belgium,BEL,2013,0
Belgium,BEL,2014,0
Belgium,BEL,2015,0
Belgium,BEL,2016,0
Belgium,BEL,2017,0
Belgium,BEL,2018,0
Belgium,BEL,2019,0
Belgium,BEL,2020,0
Belgium,BEL,2021,0
Belize,BLZ,2000,0.04
Belize,BLZ,2001,0.04
Belize,BLZ,2002,0.04
Belize,BLZ,2003,0.05
Belize,BLZ,2004,0.06
Belize,BLZ,2005,0.04
Belize,BLZ,2006,0.05
Belize,BLZ,2007,0.05
Belize,BLZ,2008,0.05
Belize,BLZ,2009,0.07
Belize,BLZ,2010,0.09
Belize,BLZ,2011,0.06
Belize,BLZ,2012,0.05
Belize,BLZ,2013,0.04
Belize,BLZ,2014,0.03
Belize,BLZ,2015,0.02
Belize,BLZ,2016,0.02
Belize,BLZ,2017,0.02
Belize,BLZ,2018,0.02
Belize,BLZ,2019,0.01
Belize,BLZ,2020,0.01
Belize,BLZ,2021,0.01
Benin,BEN,2000,0.04
Benin,BEN,2001,0.04
Benin,BEN,2002,0.04
Benin,BEN,2003,0.04
Benin,BEN,2004,0.04
Benin,BEN,2005,0.04
Benin,BEN,2006,0.05
Benin,BEN,2007,0.05
Benin,BEN,2008,0.05
Benin,BEN,2009,0.06
Benin,BEN,2010,0.06
Benin,BEN,2011,0.07
Benin,BEN,2012,0.07
Benin,BEN,2013,0.07
Benin,BEN,2014,0.07
Benin,BEN,2015,0.07
Benin,BEN,2016,0.08
Benin,BEN,2017,0.08
Benin,BEN,2018,0.08
Benin,BEN,2019,0.08
Benin,BEN,2020,0.09
Benin,BEN,2021,0.09
Bhutan,BTN,2000,1.19
Bhutan,BTN,2001,1.29
Bhutan,BTN,2002,1.34
Bhutan,BTN,2003,1.5
Bhutan,BTN,2004,1.92
Bhutan,BTN,2005,1.57
Bhutan,BTN,2006,1.66
Bhutan,BTN,2007,1.62
Bhutan,BTN,2008,1.64
Bhutan,BTN,2009,1.65
Bhutan,BTN,2010,1.55
Bhutan,BTN,2011,1.6
Bhutan,BTN,2012,1.7
Bhutan,BTN,2013,1.76
Bhutan,BTN,2014,1.8
Bhutan,BTN,2015,1.8
Bhutan,BTN,2016,1.84
Bhutan,BTN,2017,1.89
Bhutan,BTN,2018,1.78
Bhutan,BTN,2019,1.73
Bhutan,BTN,2020,1.75
Bhutan,BTN,2021,1.73
Bolivia,BOL,2000,0.98
Bolivia,BOL,2001,1.05
Bolivia,BOL,2002,1.12
Bolivia,BOL,2003,1.18
Bolivia,BOL,2004,1.23
Bolivia,BOL,2005,1.27
Bolivia,BOL,2006,1.3
Bolivia,BOL,2007,2.37
Bolivia,BOL,2008,10.3
Bolivia,BOL,2009,19.7
Bolivia,BOL,2010,5.39
Bolivia,BOL,2011,25.2
Bolivia,BOL,2012,1.32
Bolivia,BOL,2013,1.33
Bolivia,BOL,2014,1.35
Bolivia,BOL,2015,1.38
Bolivia,BOL,2016,1.37
Bolivia,BOL,2017,1.37
Bolivia,BOL,2018,1.36
Bolivia,BOL,2019,1.35
Bolivia,BOL,2020,1.28
Bolivia,BOL,2021,1.19
Bosnia and Herzegovina,BIH,2000,0
Bosnia and Herzegovina,BIH,2001,0
Bosnia and Herzegovina,BIH,2002,0
Bosnia and Herzegovina,BIH,2003,0
Bosnia and Herzegovina,BIH,2004,0
Bosnia and Herzegovina,BIH,2005,0
Bosnia and Herzegovina,BIH,2006,0
Bosnia and Herzegovina,BIH,2007,0
Bosnia and Herzegovina,BIH,2008,0
Bosnia and Herzegovina,BIH,2009,0
Bosnia and Herzegovina,BIH,2010,0
Bosnia and Herzegovina,BIH,2011,0
Bosnia and Herzegovina,BIH,2012,0
Bosnia and Herzegovina,BIH,2013,0
Bosnia and Herzegovina,BIH,2014,0
Bosnia and Herzegovina,BIH,2015,0
Bosnia and Herzegovina,BIH,2016,0
Bosnia and Herzegovina,BIH,2017,0
Bosnia and Herzegovina,BIH,2018,0
Bosnia and Herzegovina,BIH,2019,0
Bosnia and Herzegovina,BIH,2020,0
Bosnia and Herzegovina,BIH,2021,0
Botswana,BWA,2000,0
Botswana,BWA,2001,0
Botswana,BWA,2002,0
Botswana,BWA,2003,0
Botswana,BWA,2004,0
Botswana,BWA,2005,0
Botswana,BWA,2006,0
Botswana,BWA,2007,0
Botswana,BWA,2008,0
Botswana,BWA,2009,0
Botswana,BWA,2010,0
Botswana,BWA,2011,0
Botswana,BWA,2012,0
Botswana,BWA,2013,0
Botswana,BWA,2014,0
Botswana,BWA,2015,0
Botswana,BWA,2016,0
Botswana,BWA,2017,0
Botswana,BWA,2018,0
Botswana,BWA,2019,0
Botswana,BWA,2020,0
Botswana,BWA,2021,0
Brazil,BRA,2000,35.36
Brazil,BRA,2001,65.52
Brazil,BRA,2002,213.56
Brazil,BRA,2003,99.56
Brazil,BRA,2004,46.98
Brazil,BRA,2005,72.83
Brazil,BRA,2006,136.52
Brazil,BRA,2007,351.04
Brazil,BRA,2008,587.82
Brazil,BRA,2009,404.11
Brazil,BRA,2010,818.38
Brazil,BRA,2011,627.62
Brazil,BRA,2012,430.38
Brazil,BRA,2013,684.44
Brazil,BRA,2014,491.78
Brazil,BRA,2015,1001.66
Brazil,BRA,2016,21.72
Brazil,BRA,2017,19.72
Brazil,BRA,2018,19.42
Brazil,BRA,2019,19.74
Brazil,BRA,2020,15.12
Brazil,BRA,2021,12.07
Brunei,BRN,2000,0.24
Brunei,BRN,2001,0.25
Brunei,BRN,2002,0.14
Brunei,BRN,2003,0.25
Brunei,BRN,2004,0.3
Brunei,BRN,2005,0.38
Brunei,BRN,2006,0.28
Brunei,BRN,2007,0.19
Brunei,BRN,2008,0.26
Brunei,BRN,2009,0.3
Brunei,BRN,2010,0.47
Brunei,BRN,2011,0
Brunei,BRN,2012,0.34
Brunei,BRN,2013,1.08
Brunei,BRN,2014,1.06
Brunei,BRN,2015,0.68
Brunei,BRN,2016,0
Brunei,BRN,2017,0
Brunei,BRN,2018,0
Brunei,BRN,2019,0
Brunei,BRN,2020,0
Brunei,BRN,2021,0
Bulgaria,BGR,2000,2.62
Bulgaria,BGR,2001,2.1
Bulgaria,BGR,2002,1.96
Bulgaria,BGR,2003,1.96
Bulgaria,BGR,2004,1.53
Bulgaria,BGR,2005,2.04
Bulgaria,BGR,2006,3.09
Bulgaria,BGR,2007,1.02
Bulgaria,BGR,2008,5.24
Bulgaria,BGR,2009,2.1
Bulgaria,BGR,2010,1.27
Bulgaria,BGR,2011,0
Bulgaria,BGR,2012,0
Bulgaria,BGR,2013,0
Bulgaria,BGR,2014,0
Bulgaria,BGR,2015,0
Bulgaria,BGR,2016,0
Bulgaria,BGR,2017,0
Bulgaria,BGR,2018,0
Bulgaria,BGR,2019,0
Bulgaria,BGR,2020,0
Bulgaria,BGR,2021,0
Burkina Faso,BFA,2000,0.05
Burkina Faso,BFA,2001,0.05
Burkina Faso,BFA,2002,0.05
Burkina Faso,BFA,2003,0.05
Burkina Faso,BFA,2004,0.05
Burkina Faso,BFA,2005,0.05
Burkina Faso,BFA,2006,0.06
Burkina Faso,BFA,2007,0.06
Burkina Faso,BFA,2008,0.06
Burkina Faso,BFA,2009,0.06
Burkina Faso,BFA,2010,0.06
Burkina Faso,BFA,2011,0.06
Burkina Faso,BFA,2012,0.07
Burkina Faso,BFA,2013,0.08
Burkina Faso,BFA,2014,0.08
Burkina Faso,BFA,2015,0.1
Burkina Faso,BFA,2016,0.1
Burkina Faso,BFA,2017,22.72
Burkina Faso,BFA,2018,0.11
Burkina Faso,BFA,2019,0.11
Burkina Faso,BFA,2020,0.11
Burkina Faso,BFA,2021,0.11
Burundi,BDI,2000,0.02
Burundi,BDI,2001,0.02
Burundi,BDI,2002,0.02
Burundi,BDI,2003,0.02
Burundi,BDI,2004,0.02
Burundi,BDI,2005,0.02
Burundi,BDI,2006,0.03
Burundi,BDI,2007,0.04
Burundi,BDI,2008,0.04
Burundi,BDI,2009,0.05
Burundi,BDI,2010,0.05
Burundi,BDI,2011,0.05
Burundi,BDI,2012,0.06
Burundi,BDI,2013,0.07
Burundi,BDI,2014,0.07
Burundi,BDI,2015,0.07
Burundi,BDI,2016,0.07
Burundi,BDI,2017,0.08
Burundi,BDI,2018,0.08
Burundi,BDI,2019,0.08
Burundi,BDI,2020,0.08
Burundi,BDI,2021,0.09
Cambodia,KHM,2000,54.99
Cambodia,KHM,2001,53.71
Cambodia,KHM,2002,39.39
Cambodia,KHM,2003,43.61
Cambodia,KHM,2004,44.87
Cambodia,KHM,2005,44.82
Cambodia,KHM,2006,45.35
Cambodia,KHM,2007,246.83
Cambodia,KHM,2008,46.93
Cambodia,KHM,2009,45.75
Cambodia,KHM,2010,45.58
Cambodia,KHM,2011,43.57
Cambodia,KHM,2012,46.18
Cambodia,KHM,2013,45.95
Cambodia,KHM,2014,41.23
Cambodia,KHM,2015,40.53
Cambodia,KHM,2016,39.52
Cambodia,KHM,2017,38.52
Cambodia,KHM,2018,39.51
Cambodia,KHM,2019,39.49
Cambodia,KHM,2020,39.36
Cambodia,KHM,2021,42.27
Cameroon,CMR,2000,0.07
Cameroon,CMR,2001,0.08
Cameroon,CMR,2002,0.09
Cameroon,CMR,2003,0.09
Cameroon,CMR,2004,0.09
Cameroon,CMR,2005,0.09
Cameroon,CMR,2006,0.1
Cameroon,CMR,2007,0.1
Cameroon,CMR,2008,0.11
Cameroon,CMR,2009,0.13
Cameroon,CMR,2010,0.14
Cameroon,CMR,2011,0.15
Cameroon,CMR,2012,0.16
Cameroon,CMR,2013,0.15
Cameroon,CMR,2014,0.16
Cameroon,CMR,2015,0.17
Cameroon,CMR,2016,0.17
Cameroon,CMR,2017,0.18
Cameroon,CMR,2018,0.18
Cameroon,CMR,2019,0.19
Cameroon,CMR,2020,0.21
Cameroon,CMR,2021,0.21
Canada,CAN,2000,0
Canada,CAN,2001,0
Canada,CAN,2002,0
Canada,CAN,2003,0
Canada,CAN,2004,1.03
Canada,CAN,2005,0
Canada,CAN,2006,0
Canada,CAN,2007,0
Canada,CAN,2008,0
Canada,CAN,2009,0
Canada,CAN,2010,0
Canada,CAN,2011,0
Canada,CAN,2012,0
Canada,CAN,2013,2.02
Canada,CAN,2014,0
Canada,CAN,2015,1.01
Canada,CAN,2016,0
Canada,CAN,2017,0
Canada,CAN,2018,0
Canada,CAN,2019,0
Canada,CAN,2020,0
Canada,CAN,2021,0
Cape Verde,CPV,2000,0
Cape Verde,CPV,2001,0
Cape Verde,CPV,2002,0
Cape Verde,CPV,2003,0
Cape Verde,CPV,2004,0
Cape Verde,CPV,2005,0
Cape Verde,CPV,2006,0
Cape Verde,CPV,2007,0
Cape Verde,CPV,2008,0
Cape Verde,CPV,2009,5.42
Cape Verde,CPV,2010,0
Cape Verde,CPV,2011,0
Cape Verde,CPV,2012,0
Cape Verde,CPV,2013,0
Cape Verde,CPV,2014,0
Cape Verde,CPV,2015,0
Cape Verde,CPV,2016,0
Cape Verde,CPV,2017,0
Cape Verde,CPV,2018,0
Cape Verde,CPV,2019,0
Cape Verde,CPV,2020,0
Cape Verde,CPV,2021,0
Central African Republic,CAF,2000,0.01
Central African Republic,CAF,2001,0.01
Central African Republic,CAF,2002,0.01
Central African Republic,CAF,2003,0.01
Central African Republic,CAF,2004,0.01
Central African Republic,CAF,2005,0.01
Central African Republic,CAF,2006,0.01
Central African Republic,CAF,2007,0.01
Central African Republic,CAF,2008,0.01
Central African Republic,CAF,2009,0.01
Central African Republic,CAF,2010,0.01
Central African Republic,CAF,2011,0.02
Central African Republic,CAF,2012,0.02
Central African Republic,CAF,2013,0.02
Central African Republic,CAF,2014,0.02
Central African Republic,CAF,2015,0.02
Central African Republic,CAF,2016,0.02
Central African Republic,CAF,2017,0.02
Central African Republic,CAF,2018,0.02
Central African Republic,CAF,2019,0.03
Central African Republic,CAF,2020,0.03
Central African Republic,CAF,2021,0.03
Chad,TCD,2000,0.04
Chad,TCD,2001,0.03
Chad,TCD,2002,0.03
Chad,TCD,2003,0.02
Chad,TCD,2004,0.03
Chad,TCD,2005,0.04
Chad,TCD,2006,0.05
Chad,TCD,2007,0.05
Chad,TCD,2008,0.05
Chad,TCD,2009,0.05
Chad,TCD,2010,0.05
Chad,TCD,2011,0.05
Chad,TCD,2012,0.06
Chad,TCD,2013,0.06
Chad,TCD,2014,0.06
Chad,TCD,2015,0.07
Chad,TCD,2016,0.07
Chad,TCD,2017,0.07
Chad,TCD,2018,0.07
Chad,TCD,2019,0.07
Chad,TCD,2020,0.07
Chad,TCD,2021,0.07
Chile,CHL,2000,0
Chile,CHL,2001,0
Chile,CHL,2002,0
Chile,CHL,2003,0
Chile,CHL,2004,0
Chile,CHL,2005,0
Chile,CHL,2006,0
Chile,CHL,2007,0
Chile,CHL,2008,0
Chile,CHL,2009,0
Chile,CHL,2010,0
Chile,CHL,2011,0
Chile,CHL,2012,0
Chile,CHL,2013,0
Chile,CHL,2014,0
Chile,CHL,2015,0
Chile,CHL,2016,0
Chile,CHL,2017,0
Chile,CHL,2018,0
Chile,CHL,2019,0
Chile,CHL,2020,0
Chile,CHL,2021,0
China,CHN,2000,12.76
China,CHN,2001,14.48
China,CHN,2002,15.42
China,CHN,2003,15.58
China,CHN,2004,15.67
China,CHN,2005,16.02
China,CHN,2006,15.29
China,CHN,2007,13.41
China,CHN,2008,12.83
China,CHN,2009,12.82
China,CHN,2010,12.96
China,CHN,2011,12.07
China,CHN,2012,11.6
China,CHN,2013,11.63
China,CHN,2014,11.05
China,CHN,2015,10.34
China,CHN,2016,9.94
China,CHN,2017,9.87
China,CHN,2018,9.79
China,CHN,2019,9.4
China,CHN,2020,9.27
China,CHN,2021,8.5
Colombia,COL,2000,96.13
Colombia,COL,2001,151.22
Colombia,COL,2002,147.51
Colombia,COL,2003,123.8
Colombia,COL,2004,85.47
Colombia,COL,2005,112.61
Colombia,COL,2006,114.76
Colombia,COL,2007,96.53
Colombia,COL,2008,87.54
Colombia,COL,2009,94.46
Colombia,COL,2010,196.06
Colombia,COL,2011,106.31
Colombia,COL,2012,95.03
Colombia,COL,2013,187.08
Colombia,COL,2014,164.46
Colombia,COL,2015,198.02
Colombia,COL,2016,31.34
Colombia,COL,2017,27.7
Colombia,COL,2018,22.65
Colombia,COL,2019,20.29
Colombia,COL,2020,16.55
Colombia,COL,2021,13.79
Comoros,COM,2000,0
Comoros,COM,2001,0
Comoros,COM,2002,0
Comoros,COM,2003,0
Comoros,COM,2004,0
Comoros,COM,2005,0
Comoros,COM,2006,0
Comoros,COM,2007,0
Comoros,COM,2008,0
Comoros,COM,2009,0
Comoros,COM,2010,0
Comoros,COM,2011,0
Comoros,COM,2012,0.01
Comoros,COM,2013,0.01
Comoros,COM,2014,0.01
Comoros,COM,2015,0.01
Comoros,COM,2016,0.01
Comoros,COM,2017,0.01
Comoros,COM,2018,0.01
Comoros,COM,2019,0.01
Comoros,COM,2020,0.01
Comoros,COM,2021,0.01
Congo,COG,2000,0.01
Congo,COG,2001,0.01
Congo,COG,2002,0.01
Congo,COG,2003,0.01
Congo,COG,2004,0.01
Congo,COG,2005,0.01
Congo,COG,2006,0.01
Congo,COG,2007,0.02
Congo,COG,2008,0.02
Congo,COG,2009,0.02
Congo,COG,2010,0.02
Congo,COG,2011,0.02
Congo,COG,2012,0.02
Congo,COG,2013,0.02
Congo,COG,2014,0.02
Congo,COG,2015,0.02
Congo,COG,2016,0.02
Congo,COG,2017,0.02
Congo,COG,2018,0.02
Congo,COG,2019,0.03
Congo,COG,2020,0.02
Congo,COG,2021,0.02
Cook Islands,COK,2000,0
Cook Islands,COK,2001,0
Cook Islands,COK,2002,0
Cook Islands,COK,2003,0
Cook Islands,COK,2004,0
Cook Islands,COK,2005,0
Cook Islands,COK,2006,0
Cook Islands,COK,2007,0
Cook Islands,COK,2008,0
Cook Islands,COK,2009,0
Cook Islands,COK,2010,0
Cook Islands,COK,2011,0
Cook Islands,COK,2012,0
Cook Islands,COK,2013,0
Cook Islands,COK,2014,0
Cook Islands,COK,2015,0
Cook Islands,COK,2016,0
Cook Islands,COK,2017,0
Cook Islands,COK,2018,0
Cook Islands,COK,2019,0
Cook Islands,COK,2020,0
Cook Islands,COK,2021,0
Costa Rica,CRI,2000,0.03
Costa Rica,CRI,2001,1
Costa Rica,CRI,2002,1.06
Costa Rica,CRI,2003,1.02
Costa Rica,CRI,2004,0.02
Costa Rica,CRI,2005,2.94
Costa Rica,CRI,2006,1.06
Costa Rica,CRI,2007,2.95
Costa Rica,CRI,2008,0.96
Costa Rica,CRI,2009,0.02
Costa Rica,CRI,2010,3.98
Costa Rica,CRI,2011,0.02
Costa Rica,CRI,2012,2.01
Costa Rica,CRI,2013,3.17
Costa Rica,CRI,2014,0.01
Costa Rica,CRI,2015,2.02
Costa Rica,CRI,2016,0.01
Costa Rica,CRI,2017,0.01
Costa Rica,CRI,2018,0.01
Costa Rica,CRI,2019,0.01
Costa Rica,CRI,2020,0
Costa Rica,CRI,2021,0
Cote d'Ivoire,CIV,2000,0.07
Cote d'Ivoire,CIV,2001,0.07
Cote d'Ivoire,CIV,2002,0.07
Cote d'Ivoire,CIV,2003,0.07
Cote d'Ivoire,CIV,2004,0.06
Cote d'Ivoire,CIV,2005,0.07
Cote d'Ivoire,CIV,2006,0.07
Cote d'Ivoire,CIV,2007,0.08
Cote d'Ivoire,CIV,2008,0.08
Cote d'Ivoire,CIV,2009,0.09
Cote d'Ivoire,CIV,2010,0.1
Cote d'Ivoire,CIV,2011,0.11
Cote d'Ivoire,CIV,2012,0.12
Cote d'Ivoire,CIV,2013,0.13
Cote d'Ivoire,CIV,2014,0.14
Cote d'Ivoire,CIV,2015,0.15
Cote d'Ivoire,CIV,2016,0.15
Cote d'Ivoire,CIV,2017,2.78
Cote d'Ivoire,CIV,2018,0.14
Cote d'Ivoire,CIV,2019,0.15
Cote d'Ivoire,CIV,2020,0.15
Cote d'Ivoire,CIV,2021,0.16
Croatia,HRV,2000,0
Croatia,HRV,2001,0
Croatia,HRV,2002,0
Croatia,HRV,2003,0
Croatia,HRV,2004,0
Croatia,HRV,2005,0
Croatia,HRV,2006,0
Croatia,HRV,2007,0
Croatia,HRV,2008,0
Croatia,HRV,2009,0
Croatia,HRV,2010,0
Croatia,HRV,2011,0
Croatia,HRV,2012,0
Croatia,HRV,2013,0
Croatia,HRV,2014,0
Croatia,HRV,2015,0
Croatia,HRV,2016,0
Croatia,HRV,2017,0
Croatia,HRV,2018,0
Croatia,HRV,2019,0
Croatia,HRV,2020,0
Croatia,HRV,2021,0
Cuba,CUB,2000,0
Cuba,CUB,2001,2.07
Cuba,CUB,2002,1.02
Cuba,CUB,2003,0
Cuba,CUB,2004,0.01
Cuba,CUB,2005,0.01
Cuba,CUB,2006,22.35
Cuba,CUB,2007,4.03
Cuba,CUB,2008,0
Cuba,CUB,2009,0
Cuba,CUB,2010,1.01
Cuba,CUB,2011,0
Cuba,CUB,2012,0
Cuba,CUB,2013,0
Cuba,CUB,2014,0
Cuba,CUB,2015,0
Cuba,CUB,2016,0
Cuba,CUB,2017,0
Cuba,CUB,2018,0
Cuba,CUB,2019,0
Cuba,CUB,2020,0
Cuba,CUB,2021,0
Cyprus,CYP,2000,0
Cyprus,CYP,2001,0
Cyprus,CYP,2002,0
Cyprus,CYP,2003,0
Cyprus,CYP,2004,0
Cyprus,CYP,2005,0
Cyprus,CYP,2006,0
Cyprus,CYP,2007,0
Cyprus,CYP,2008,0
Cyprus,CYP,2009,0
Cyprus,CYP,2010,0
Cyprus,CYP,2011,0
Cyprus,CYP,2012,0
Cyprus,CYP,2013,0
Cyprus,CYP,2014,0
Cyprus,CYP,2015,0
Cyprus,CYP,2016,0
Cyprus,CYP,2017,0
Cyprus,CYP,2018,0
Cyprus,CYP,2019,0
Cyprus,CYP,2020,0
Cyprus,CYP,2021,0
Czechia,CZE,2000,0
Czechia,CZE,2001,0
Czechia,CZE,2002,0
Czechia,CZE,2003,0
Czechia,CZE,2004,0
Czechia,CZE,2005,0
Czechia,CZE,2006,0
Czechia,CZE,2007,0
Czechia,CZE,2008,0
Czechia,CZE,2009,0
Czechia,CZE,2010,0
Czechia,CZE,2011,0
Czechia,CZE,2012,0
Czechia,CZE,2013,0
Czechia,CZE,2014,0
Czechia,CZE,2015,0
Czechia,CZE,2016,0
Czechia,CZE,2017,0
Czechia,CZE,2018,0
Czechia,CZE,2019,0
Czechia,CZE,2020,0
Czechia,CZE,2021,0
Democratic Republic of Congo,COD,2000,0.09
Democratic Republic of Congo,COD,2001,0.1
Democratic Republic of Congo,COD,2002,0.11
Democratic Republic of Congo,COD,2003,0.12
Democratic Republic of Congo,COD,2004,0.13
Democratic Republic of Congo,COD,2005,0.14
Democratic Republic of Congo,COD,2006,0.16
Democratic Republic of Congo,COD,2007,0.18
Democratic Republic of Congo,COD,2008,0.2
Democratic Republic of Congo,COD,2009,0.23
Democratic Republic of Congo,COD,2010,0.25
Democratic Republic of Congo,COD,2011,0.31
Democratic Republic of Congo,COD,2012,0.33
Democratic Republic of Congo,COD,2013,0.37
Democratic Republic of Congo,COD,2014,0.42
Democratic Republic of Congo,COD,2015,0.46
Democratic Republic of Congo,COD,2016,0.53
Democratic Republic of Congo,COD,2017,0.54
Democratic Republic of Congo,COD,2018,0.54
Democratic Republic of Congo,COD,2019,0.56
Democratic Republic of Congo,COD,2020,0.61
Democratic Republic of Congo,COD,2021,0.7
Denmark,DNK,2000,0
Denmark,DNK,2001,0
Denmark,DNK,2002,0
Denmark,DNK,2003,0
Denmark,DNK,2004,0
Denmark,DNK,2005,0
Denmark,DNK,2006,0
Denmark,DNK,2007,0
Denmark,DNK,2008,0
Denmark,DNK,2009,0
Denmark,DNK,2010,0
Denmark,DNK,2011,0
Denmark,DNK,2012,0
Denmark,DNK,2013,0
Denmark,DNK,2014,0
Denmark,DNK,2015,0
Denmark,DNK,2016,0
Denmark,DNK,2017,0
Denmark,DNK,2018,0
Denmark,DNK,2019,0
Denmark,DNK,2020,0
Denmark,DNK,2021,0
Djibouti,DJI,2000,0
Djibouti,DJI,2001,0
Djibouti,DJI,2002,0
Djibouti,DJI,2003,0
Djibouti,DJI,2004,0
Djibouti,DJI,2005,0.01
Djibouti,DJI,2006,0.01
Djibouti,DJI,2007,0.01
Djibouti,DJI,2008,0.01
Djibouti,DJI,2009,0.01
Djibouti,DJI,2010,0.01
Djibouti,DJI,2011,0.01
Djibouti,DJI,2012,0.01
Djibouti,DJI,2013,0.01
Djibouti,DJI,2014,0.01
Djibouti,DJI,2015,0.01
Djibouti,DJI,2016,0.01
Djibouti,DJI,2017,0.01
Djibouti,DJI,2018,0.01
Djibouti,DJI,2019,0.01
Djibouti,DJI,2020,0.01
Djibouti,DJI,2021,0.01
Dominica,DMA,2000,0
Dominica,DMA,2001,0
Dominica,DMA,2002,0
Dominica,DMA,2003,0
Dominica,DMA,2004,0
Dominica,DMA,2005,0
Dominica,DMA,2006,0
Dominica,DMA,2007,0.01
Dominica,DMA,2008,0.01
Dominica,DMA,2009,0.01
Dominica,DMA,2010,0.01
Dominica,DMA,2011,0.01
Dominica,DMA,2012,0.01
Dominica,DMA,2013,0.01
Dominica,DMA,2014,0.01
Dominica,DMA,2015,0.01
Dominica,DMA,2016,0
Dominica,DMA,2017,0
Dominica,DMA,2018,0
Dominica,DMA,2019,0
Dominica,DMA,2020,0
Dominica,DMA,2021,0
Dominican Republic,DOM,2000,9.5
Dominican Republic,DOM,2001,10.37
Dominican Republic,DOM,2002,11.43
Dominican Republic,DOM,2003,11.34
Dominican Republic,DOM,2004,11.43
Dominican Republic,DOM,2005,12.78
Dominican Republic,DOM,2006,11.98
Dominican Republic,DOM,2007,10.85
Dominican Republic,DOM,2008,11.06
Dominican Republic,DOM,2009,29.05
Dominican Republic,DOM,2010,10.5
Dominican Republic,DOM,2011,10.41
Dominican Republic,DOM,2012,10.35
Dominican Republic,DOM,2013,8.91
Dominican Republic,DOM,2014,7.77
Dominican Republic,DOM,2015,6.09
Dominican Republic,DOM,2016,4.67
Dominican Republic,DOM,2017,3.92
Dominican Republic,DOM,2018,3.01
Dominican Republic,DOM,2019,32.28
Dominican Republic,DOM,2020,1.83
Dominican Republic,DOM,2021,1.68
East Timor,TLS,2000,3.95
East Timor,TLS,2001,4.05
East Timor,TLS,2002,3.81
East Timor,TLS,2003,4.21
East Timor,TLS,2004,3.92
East Timor,TLS,2005,40.53
East Timor,TLS,2006,4.43
East Timor,TLS,2007,4.97
East Timor,TLS,2008,5.08
East Timor,TLS,2009,5.89
East Timor,TLS,2010,6.02
East Timor,TLS,2011,6.35
East Timor,TLS,2012,6.18
East Timor,TLS,2013,6.27
East Timor,TLS,2014,9.63
East Timor,TLS,2015,5.84
East Timor,TLS,2016,5.64
East Timor,TLS,2017,5.45
East Timor,TLS,2018,5.49
East Timor,TLS,2019,5.51
East Timor,TLS,2020,4.97
East Timor,TLS,2021,6.2
Ecuador,ECU,2000,8.56
Ecuador,ECU,2001,12.86
Ecuador,ECU,2002,9.18
Ecuador,ECU,2003,14.73
Ecuador,ECU,2004,12.28
Ecuador,ECU,2005,50.39
Ecuador,ECU,2006,27.96
Ecuador,ECU,2007,31.74
Ecuador,ECU,2008,17.3
Ecuador,ECU,2009,15.51
Ecuador,ECU,2010,31.78
Ecuador,ECU,2011,21.09
Ecuador,ECU,2012,38.63
Ecuador,ECU,2013,18.2
Ecuador,ECU,2014,25.08
Ecuador,ECU,2015,30.42
Ecuador,ECU,2016,0.79
Ecuador,ECU,2017,0.66
Ecuador,ECU,2018,0.61
Ecuador,ECU,2019,0.61
Ecuador,ECU,2020,0.41
Ecuador,ECU,2021,0.43
Egypt,EGY,2000,1.61
Egypt,EGY,2001,1.26
Egypt,EGY,2002,0.71
Egypt,EGY,2003,0.42
Egypt,EGY,2004,0.28
Egypt,EGY,2005,0.22
Egypt,EGY,2006,0.19
Egypt,EGY,2007,0.18
Egypt,EGY,2008,0.17
Egypt,EGY,2009,0.18
Egypt,EGY,2010,0.18
Egypt,EGY,2011,0.18
Egypt,EGY,2012,0.2
Egypt,EGY,2013,0.19
Egypt,EGY,2014,0.19
Egypt,EGY,2015,0.21
Egypt,EGY,2016,0.21
Egypt,EGY,2017,0.23
Egypt,EGY,2018,0.21
Egypt,EGY,2019,0.2
Egypt,EGY,2020,0.2
Egypt,EGY,2021,0.22
El Salvador,SLV,2000,33.99
El Salvador,SLV,2001,9.9
El Salvador,SLV,2002,15.73
El Salvador,SLV,2003,7.87
El Salvador,SLV,2004,7.59
El Salvador,SLV,2005,7.07
El Salvador,SLV,2006,6.71
El Salvador,SLV,2007,5.78
El Salvador,SLV,2008,5.21
El Salvador,SLV,2009,10.97
El Salvador,SLV,2010,4.57
El Salvador,SLV,2011,4.62
El Salvador,SLV,2012,4.53
El Salvador,SLV,2013,4.5
El Salvador,SLV,2014,8.16
El Salvador,SLV,2015,5.9
El Salvador,SLV,2016,5.3
El Salvador,SLV,2017,4.83
El Salvador,SLV,2018,4.07
El Salvador,SLV,2019,7.63
El Salvador,SLV,2020,4.14
El Salvador,SLV,2021,3.9
Equatorial Guinea,GNQ,2000,0
Equatorial Guinea,GNQ,2001,0
Equatorial Guinea,GNQ,2002,0
Equatorial Guinea,GNQ,2003,0
Equatorial Guinea,GNQ,2004,0
Equatorial Guinea,GNQ,2005,0
Equatorial Guinea,GNQ,2006,0
Equatorial Guinea,GNQ,2007,0
Equatorial Guinea,GNQ,2008,0
Equatorial Guinea,GNQ,2009,0
Equatorial Guinea,GNQ,2010,0.01
Equatorial Guinea,GNQ,2011,0.01
Equatorial Guinea,GNQ,2012,0.01
Equatorial Guinea,GNQ,2013,0.01
Equatorial Guinea,GNQ,2014,0.01
Equatorial Guinea,GNQ,2015,0.01
Equatorial Guinea,GNQ,2016,0.01
Equatorial Guinea,GNQ,2017,0.01
Equatorial Guinea,GNQ,2018,0.01
Equatorial Guinea,GNQ,2019,0.01
Equatorial Guinea,GNQ,2020,0.01
Equatorial Guinea,GNQ,2021,0.01
Eritrea,ERI,2000,0.01
Eritrea,ERI,2001,0.01
Eritrea,ERI,2002,0.01
Eritrea,ERI,2003,0.01
Eritrea,ERI,2004,0.01
Eritrea,ERI,2005,0.01
Eritrea,ERI,2006,0.01
Eritrea,ERI,2007,0.01
Eritrea,ERI,2008,0.01
Eritrea,ERI,2009,0.01
Eritrea,ERI,2010,0.01
Eritrea,ERI,2011,0.01
Eritrea,ERI,2012,0.01
Eritrea,ERI,2013,0.01
Eritrea,ERI,2014,0.01
Eritrea,ERI,2015,0.01
Eritrea,ERI,2016,0.01
Eritrea,ERI,2017,0.01
Eritrea,ERI,2018,0.01
Eritrea,ERI,2019,0.01
Eritrea,ERI,2020,0.01
Eritrea,ERI,2021,0.02
Estonia,EST,2000,0
Estonia,EST,2001,0
Estonia,EST,2002,0
Estonia,EST,2003,0
Estonia,EST,2004,0
Estonia,EST,2005,0
Estonia,EST,2006,0
Estonia,EST,2007,0
Estonia,EST,2008,0
Estonia,EST,2009,0
Estonia,EST,2010,0
Estonia,EST,2011,0
Estonia,EST,2012,0
Estonia,EST,2013,0
Estonia,EST,2014,0
Estonia,EST,2015,0
Estonia,EST,2016,0
Estonia,EST,2017,0
Estonia,EST,2018,0
Estonia,EST,2019,0
Estonia,EST,2020,0
Estonia,EST,2021,0
Eswatini,SWZ,2000,0
Eswatini,SWZ,2001,0
Eswatini,SWZ,2002,0
Eswatini,SWZ,2003,0
Eswatini,SWZ,2004,0
Eswatini,SWZ,2005,0
Eswatini,SWZ,2006,0
Eswatini,SWZ,2007,0
Eswatini,SWZ,2008,0
Eswatini,SWZ,2009,0
Eswatini,SWZ,2010,0
Eswatini,SWZ,2011,0
Eswatini,SWZ,2012,0
Eswatini,SWZ,2013,0
Eswatini,SWZ,2014,0
Eswatini,SWZ,2015,0
Eswatini,SWZ,2016,0
Eswatini,SWZ,2017,0
Eswatini,SWZ,2018,0
Eswatini,SWZ,2019,0
Eswatini,SWZ,2020,0
Eswatini,SWZ,2021,0
Ethiopia,ETH,2000,2.9
Ethiopia,ETH,2001,2.85
Ethiopia,ETH,2002,3.42
Ethiopia,ETH,2003,3.77
Ethiopia,ETH,2004,3.9
Ethiopia,ETH,2005,4.22
Ethiopia,ETH,2006,4.76
Ethiopia,ETH,2007,5.26
Ethiopia,ETH,2008,4.97
Ethiopia,ETH,2009,6.29
Ethiopia,ETH,2010,7.41
Ethiopia,ETH,2011,8.21
Ethiopia,ETH,2012,8.44
Ethiopia,ETH,2013,9.08
Ethiopia,ETH,2014,9.57
Ethiopia,ETH,2015,10.27
Ethiopia,ETH,2016,11.48
Ethiopia,ETH,2017,10.45
Ethiopia,ETH,2018,10.66
Ethiopia,ETH,2019,10.85
Ethiopia,ETH,2020,12.76
Ethiopia,ETH,2021,11.77
Europe,,2000,3.71
Europe,,2001,2.1
Europe,,2002,3.0900002
Europe,,2003,1.96
Europe,,2004,2.78
Europe,,2005,4.12
Europe,,2006,4.13
Europe,,2007,4.1099997
Europe,,2008,6.2799997
Europe,,2009,2.1
Europe,,2010,2.35
Europe,,2011,0
Europe,,2012,3.13
Europe,,2013,1.27
Europe,,2014,3.1799998
Europe,,2015,1.02
Europe,,2016,0
Europe,,2017,0
Europe,,2018,0
Europe,,2019,0
Europe,,2020,0
Europe,,2021,0
Fiji,FJI,2000,1.79
Fiji,FJI,2001,1.94
Fiji,FJI,2002,2.18
Fiji,FJI,2003,2.37
Fiji,FJI,2004,2.21
Fiji,FJI,2005,2.35
Fiji,FJI,2006,2.42
Fiji,FJI,2007,2.53
Fiji,FJI,2008,3.39
Fiji,FJI,2009,2.49
Fiji,FJI,2010,2.14
Fiji,FJI,2011,1.8
Fiji,FJI,2012,1.89
Fiji,FJI,2013,1.79
Fiji,FJI,2014,1.69
Fiji,FJI,2015,1.58
Fiji,FJI,2016,1.54
Fiji,FJI,2017,1.55
Fiji,FJI,2018,1.51
Fiji,FJI,2019,1.48
Fiji,FJI,2020,1.45
Fiji,FJI,2021,1.3
Finland,FIN,2000,0
Finland,FIN,2001,0
Finland,FIN,2002,1.13
Finland,FIN,2003,0
Finland,FIN,2004,0
Finland,FIN,2005,0
Finland,FIN,2006,0
Finland,FIN,2007,0
Finland,FIN,2008,0
Finland,FIN,2009,0
Finland,FIN,2010,0
Finland,FIN,2011,0
Finland,FIN,2012,0
Finland,FIN,2013,0
Finland,FIN,2014,0
Finland,FIN,2015,0
Finland,FIN,2016,0
Finland,FIN,2017,0
Finland,FIN,2018,0
Finland,FIN,2019,0
Finland,FIN,2020,0
Finland,FIN,2021,0
France,FRA,2000,0
France,FRA,2001,0
France,FRA,2002,0
France,FRA,2003,0
France,FRA,2004,0
France,FRA,2005,0
France,FRA,2006,0
France,FRA,2007,1.06
France,FRA,2008,0
France,FRA,2009,0
France,FRA,2010,1.08
France,FRA,2011,0
France,FRA,2012,0
France,FRA,2013,1.27
France,FRA,2014,1.12
France,FRA,2015,0
France,FRA,2016,0
France,FRA,2017,0
France,FRA,2018,0
France,FRA,2019,0
France,FRA,2020,0
France,FRA,2021,0
Gabon,GAB,2000,0.01
Gabon,GAB,2001,0.01
Gabon,GAB,2002,0.01
Gabon,GAB,2003,0.01
Gabon,GAB,2004,0.01
Gabon,GAB,2005,0.01
Gabon,GAB,2006,0.01
Gabon,GAB,2007,0.01
Gabon,GAB,2008,0.01
Gabon,GAB,2009,0.01
Gabon,GAB,2010,0.01
Gabon,GAB,2011,0.01
Gabon,GAB,2012,0.01
Gabon,GAB,2013,0.01
Gabon,GAB,2014,0.01
Gabon,GAB,2015,0.01
Gabon,GAB,2016,0.01
Gabon,GAB,2017,0.01
Gabon,GAB,2018,0.01
Gabon,GAB,2019,0.01
Gabon,GAB,2020,0.01
Gabon,GAB,2021,0.01
Gambia,GMB,2000,0.01
Gambia,GMB,2001,0.01
Gambia,GMB,2002,0.01
Gambia,GMB,2003,0.01
Gambia,GMB,2004,0.01
Gambia,GMB,2005,0.01
Gambia,GMB,2006,0.01
Gambia,GMB,2007,0.01
Gambia,GMB,2008,0.01
Gambia,GMB,2009,0.01
Gambia,GMB,2010,0.01
Gambia,GMB,2011,0.01
Gambia,GMB,2012,0.01
Gambia,GMB,2013,0.01
Gambia,GMB,2014,0.01
Gambia,GMB,2015,0.01
Gambia,GMB,2016,0.01
Gambia,GMB,2017,0.01
Gambia,GMB,2018,0.01
Gambia,GMB,2019,0.01
Gambia,GMB,2020,0.01
Gambia,GMB,2021,0.01
Georgia,GEO,2000,0
Georgia,GEO,2001,0
Georgia,GEO,2002,0.33
Georgia,GEO,2003,0.25
Georgia,GEO,2004,1.03
Georgia,GEO,2005,0
Georgia,GEO,2006,0
Georgia,GEO,2007,0
Georgia,GEO,2008,0
Georgia,GEO,2009,0
Georgia,GEO,2010,0
Georgia,GEO,2011,0
Georgia,GEO,2012,0
Georgia,GEO,2013,0
Georgia,GEO,2014,0
Georgia,GEO,2015,0
Georgia,GEO,2016,0
Georgia,GEO,2017,0
Georgia,GEO,2018,0
Georgia,GEO,2019,0
Georgia,GEO,2020,0
Georgia,GEO,2021,0
Germany,DEU,2000,0
Germany,DEU,2001,0
Germany,DEU,2002,0
Germany,DEU,2003,0
Germany,DEU,2004,0
Germany,DEU,2005,0
Germany,DEU,2006,0
Germany,DEU,2007,0
Germany,DEU,2008,0
Germany,DEU,2009,0
Germany,DEU,2010,0
Germany,DEU,2011,0
Germany,DEU,2012,1.02
Germany,DEU,2013,0
Germany,DEU,2014,0
Germany,DEU,2015,0
Germany,DEU,2016,0
Germany,DEU,2017,0
Germany,DEU,2018,0
Germany,DEU,2019,0
Germany,DEU,2020,0
Germany,DEU,2021,0
Ghana,GHA,2000,0.06
Ghana,GHA,2001,0.06
Ghana,GHA,2002,0.07
Ghana,GHA,2003,0.07
Ghana,GHA,2004,0.08
Ghana,GHA,2005,0.08
Ghana,GHA,2006,0.09
Ghana,GHA,2007,0.09
Ghana,GHA,2008,0.1
Ghana,GHA,2009,0.11
Ghana,GHA,2010,0.1
Ghana,GHA,2011,0.11
Ghana,GHA,2012,0.11
Ghana,GHA,2013,0.12
Ghana,GHA,2014,0.12
Ghana,GHA,2015,0.13
Ghana,GHA,2016,0.14
Ghana,GHA,2017,0.14
Ghana,GHA,2018,0.15
Ghana,GHA,2019,0.15
Ghana,GHA,2020,0.15
Ghana,GHA,2021,0.15
Greece,GRC,2000,0
Greece,GRC,2001,0
Greece,GRC,2002,0
Greece,GRC,2003,0
Greece,GRC,2004,0
Greece,GRC,2005,0
Greece,GRC,2006,0
Greece,GRC,2007,0
Greece,GRC,2008,0
Greece,GRC,2009,0
Greece,GRC,2010,0
Greece,GRC,2011,0
Greece,GRC,2012,0
Greece,GRC,2013,0
Greece,GRC,2014,0
Greece,GRC,2015,0
Greece,GRC,2016,0
Greece,GRC,2017,0
Greece,GRC,2018,0
Greece,GRC,2019,0
Greece,GRC,2020,0
Greece,GRC,2021,0
Grenada,GRD,2000,0
Grenada,GRD,2001,0
Grenada,GRD,2002,0
Grenada,GRD,2003,0
Grenada,GRD,2004,0
Grenada,GRD,2005,0
Grenada,GRD,2006,0
Grenada,GRD,2007,0
Grenada,GRD,2008,0
Grenada,GRD,2009,0
Grenada,GRD,2010,0
Grenada,GRD,2011,0
Grenada,GRD,2012,0
Grenada,GRD,2013,0
Grenada,GRD,2014,0
Grenada,GRD,2015,0
Grenada,GRD,2016,0
Grenada,GRD,2017,0
Grenada,GRD,2018,0
Grenada,GRD,2019,0
Grenada,GRD,2020,0
Grenada,GRD,2021,0
Guatemala,GTM,2000,13.44
Guatemala,GTM,2001,18.66
Guatemala,GTM,2002,25.18
Guatemala,GTM,2003,31.9
Guatemala,GTM,2004,37.09
Guatemala,GTM,2005,46.56
Guatemala,GTM,2006,48.25
Guatemala,GTM,2007,49.93
Guatemala,GTM,2008,53.13
Guatemala,GTM,2009,61.3
Guatemala,GTM,2010,65.69
Guatemala,GTM,2011,66.97
Guatemala,GTM,2012,68.14
Guatemala,GTM,2013,71.94
Guatemala,GTM,2014,76.07
Guatemala,GTM,2015,82.37
Guatemala,GTM,2016,83.71
Guatemala,GTM,2017,88.89
Guatemala,GTM,2018,88.23
Guatemala,GTM,2019,90.31
Guatemala,GTM,2020,80.45
Guatemala,GTM,2021,72.23
Guinea,GIN,2000,0.03
Guinea,GIN,2001,0.02
Guinea,GIN,2002,0.04
Guinea,GIN,2003,0.04
Guinea,GIN,2004,0.04
Guinea,GIN,2005,0.04
Guinea,GIN,2006,0.04
Guinea,GIN,2007,0.04
Guinea,GIN,2008,0.04
Guinea,GIN,2009,0.04
Guinea,GIN,2010,0.05
Guinea,GIN,2011,0.05
Guinea,GIN,2012,0.05
Guinea,GIN,2013,0.05
Guinea,GIN,2014,0.05
Guinea,GIN,2015,0.05
Guinea,GIN,2016,0.05
Guinea,GIN,2017,0.06
Guinea,GIN,2018,0.06
Guinea,GIN,2019,0.06
Guinea,GIN,2020,0.07
Guinea,GIN,2021,0.06
Guinea-Bissau,GNB,2000,0.01
Guinea-Bissau,GNB,2001,0.01
Guinea-Bissau,GNB,2002,0.01
Guinea-Bissau,GNB,2003,0.01
Guinea-Bissau,GNB,2004,0.01
Guinea-Bissau,GNB,2005,0.01
Guinea-Bissau,GNB,2006,0.01
Guinea-Bissau,GNB,2007,0.01
Guinea-Bissau,GNB,2008,0.01
Guinea-Bissau,GNB,2009,0.01
Guinea-Bissau,GNB,2010,0.01
Guinea-Bissau,GNB,2011,0.01
Guinea-Bissau,GNB,2012,0.01
Guinea-Bissau,GNB,2013,0.01
Guinea-Bissau,GNB,2014,0.01
Guinea-Bissau,GNB,2015,0.01
Guinea-Bissau,GNB,2016,0.01
Guinea-Bissau,GNB,2017,0.01
Guinea-Bissau,GNB,2018,0.01
Guinea-Bissau,GNB,2019,0.01
Guinea-Bissau,GNB,2020,0.01
Guinea-Bissau,GNB,2021,0.01
Guyana,GUY,2000,0.31
Guyana,GUY,2001,0.06
Guyana,GUY,2002,0.05
Guyana,GUY,2003,0.04
Guyana,GUY,2004,0.35
Guyana,GUY,2005,0.43
Guyana,GUY,2006,1.81
Guyana,GUY,2007,1.52
Guyana,GUY,2008,4.95
Guyana,GUY,2009,4.01
Guyana,GUY,2010,5.31
Guyana,GUY,2011,2.63
Guyana,GUY,2012,2.24
Guyana,GUY,2013,0.78
Guyana,GUY,2014,0.44
Guyana,GUY,2015,0.07
Guyana,GUY,2016,0.06
Guyana,GUY,2017,0.06
Guyana,GUY,2018,0.05
Guyana,GUY,2019,0.05
Guyana,GUY,2020,0.04
Guyana,GUY,2021,0.03
Haiti,HTI,2000,0.6
Haiti,HTI,2001,0.5
Haiti,HTI,2002,0.53
Haiti,HTI,2003,0.56
Haiti,HTI,2004,0.56
Haiti,HTI,2005,0.6
Haiti,HTI,2006,0.62
Haiti,HTI,2007,0.64
Haiti,HTI,2008,0.64
Haiti,HTI,2009,0.66
Haiti,HTI,2010,0.58
Haiti,HTI,2011,0.65
Haiti,HTI,2012,0.67
Haiti,HTI,2013,0.7
Haiti,HTI,2014,0.69
Haiti,HTI,2015,0.7
Haiti,HTI,2016,0.68
Haiti,HTI,2017,0.71
Haiti,HTI,2018,0.73
Haiti,HTI,2019,0.74
Haiti,HTI,2020,0.76
Haiti,HTI,2021,0.77
Honduras,HND,2000,14.56
Honduras,HND,2001,15.43
Honduras,HND,2002,23.14
Honduras,HND,2003,18.88
Honduras,HND,2004,20.05
Honduras,HND,2005,21.83
Honduras,HND,2006,23.47
Honduras,HND,2007,24.69
Honduras,HND,2008,24.44
Honduras,HND,2009,31.14
Honduras,HND,2010,71.41
Honduras,HND,2011,27.72
Honduras,HND,2012,28
Honduras,HND,2013,54.56
Honduras,HND,2014,30.04
Honduras,HND,2015,32.04
Honduras,HND,2016,30.7
Honduras,HND,2017,30.67
Honduras,HND,2018,31.01
Honduras,HND,2019,101.19
Honduras,HND,2020,30.13
Honduras,HND,2021,27.63
Hungary,HUN,2000,0
Hungary,HUN,2001,0
Hungary,HUN,2002,0
Hungary,HUN,2003,0
Hungary,HUN,2004,0
Hungary,HUN,2005,0
Hungary,HUN,2006,0
Hungary,HUN,2007,0
Hungary,HUN,2008,0
Hungary,HUN,2009,0
Hungary,HUN,2010,0
Hungary,HUN,2011,0
Hungary,HUN,2012,0
Hungary,HUN,2013,0
Hungary,HUN,2014,0
Hungary,HUN,2015,0
Hungary,HUN,2016,0
Hungary,HUN,2017,0
Hungary,HUN,2018,0
Hungary,HUN,2019,0
Hungary,HUN,2020,0
Hungary,HUN,2021,0
Iceland,ISL,2000,0
Iceland,ISL,2001,0
Iceland,ISL,2002,0
Iceland,ISL,2003,0
Iceland,ISL,2004,0
Iceland,ISL,2005,0
Iceland,ISL,2006,0
Iceland,ISL,2007,0
Iceland,ISL,2008,0
Iceland,ISL,2009,0
Iceland,ISL,2010,0
Iceland,ISL,2011,0
Iceland,ISL,2012,0
Iceland,ISL,2013,0
Iceland,ISL,2014,0
Iceland,ISL,2015,0
Iceland,ISL,2016,0
Iceland,ISL,2017,0
Iceland,ISL,2018,0
Iceland,ISL,2019,0
Iceland,ISL,2020,0
Iceland,ISL,2021,0
India,IND,2000,7048.44
India,IND,2001,6924.57
India,IND,2002,7448.73
India,IND,2003,7669.7
India,IND,2004,8051.24
India,IND,2005,8434.98
India,IND,2006,8828.22
India,IND,2007,9733.43
India,IND,2008,10095.09
India,IND,2009,10732.12
India,IND,2010,11946.83
India,IND,2011,12770.04
India,IND,2012,14178.18
India,IND,2013,14586.07
India,IND,2014,15081.95
India,IND,2015,14866.26
India,IND,2016,14770.03
India,IND,2017,14976.44
India,IND,2018,14783.8
India,IND,2019,14911.44
India,IND,2020,14749.23
India,IND,2021,13945.35
Indonesia,IDN,2000,7873.49
Indonesia,IDN,2001,8573.07
Indonesia,IDN,2002,8705.68
Indonesia,IDN,2003,8516.5
Indonesia,IDN,2004,8556.74
Indonesia,IDN,2005,7979.72
Indonesia,IDN,2006,7540.22
Indonesia,IDN,2007,8468.42
Indonesia,IDN,2008,8166.21
Indonesia,IDN,2009,7819.45
Indonesia,IDN,2010,7723.91
Indonesia,IDN,2011,7839.25
Indonesia,IDN,2012,8307.19
Indonesia,IDN,2013,8288.42
Indonesia,IDN,2014,8296.4
Indonesia,IDN,2015,8305.12
Indonesia,IDN,2016,8225.96
Indonesia,IDN,2017,8475.81
Indonesia,IDN,2018,7890.55
Indonesia,IDN,2019,7860.31
Indonesia,IDN,2020,6871
Indonesia,IDN,2021,6121.84
Iran,IRN,2000,0
Iran,IRN,2001,0
Iran,IRN,2002,0
Iran,IRN,2003,0
Iran,IRN,2004,0
Iran,IRN,2005,0
Iran,IRN,2006,0
Iran,IRN,2007,0
Iran,IRN,2008,0
Iran,IRN,2009,0
Iran,IRN,2010,0
Iran,IRN,2011,0
Iran,IRN,2012,0
Iran,IRN,2013,0
Iran,IRN,2014,0
Iran,IRN,2015,0
Iran,IRN,2016,0
Iran,IRN,2017,0
Iran,IRN,2018,0
Iran,IRN,2019,0
Iran,IRN,2020,0
Iran,IRN,2021,0
Iraq,IRQ,2000,0
Iraq,IRQ,2001,0
Iraq,IRQ,2002,0
Iraq,IRQ,2003,0
Iraq,IRQ,2004,0
Iraq,IRQ,2005,0
Iraq,IRQ,2006,0
Iraq,IRQ,2007,0
Iraq,IRQ,2008,0
Iraq,IRQ,2009,0
Iraq,IRQ,2010,0
Iraq,IRQ,2011,0
Iraq,IRQ,2012,0
Iraq,IRQ,2013,0
Iraq,IRQ,2014,0
Iraq,IRQ,2015,0
Iraq,IRQ,2016,0
Iraq,IRQ,2017,0
Iraq,IRQ,2018,0
Iraq,IRQ,2019,0
Iraq,IRQ,2020,0
Iraq,IRQ,2021,0
Ireland,IRL,2000,0
Ireland,IRL,2001,0
Ireland,IRL,2002,0
Ireland,IRL,2003,0
Ireland,IRL,2004,0
Ireland,IRL,2005,0
Ireland,IRL,2006,0
Ireland,IRL,2007,0
Ireland,IRL,2008,0
Ireland,IRL,2009,0
Ireland,IRL,2010,0
Ireland,IRL,2011,0
Ireland,IRL,2012,0
Ireland,IRL,2013,0
Ireland,IRL,2014,0
Ireland,IRL,2015,0
Ireland,IRL,2016,0
Ireland,IRL,2017,0
Ireland,IRL,2018,0
Ireland,IRL,2019,0
Ireland,IRL,2020,0
Ireland,IRL,2021,0
Israel,ISR,2000,0
Israel,ISR,2001,0
Israel,ISR,2002,0
Israel,ISR,2003,0
Israel,ISR,2004,0
Israel,ISR,2005,0
Israel,ISR,2006,0
Israel,ISR,2007,0
Israel,ISR,2008,0
Israel,ISR,2009,0
Israel,ISR,2010,0
Israel,ISR,2011,0
Israel,ISR,2012,0
Israel,ISR,2013,0
Israel,ISR,2014,0
Israel,ISR,2015,0
Israel,ISR,2016,0
Israel,ISR,2017,0
Israel,ISR,2018,0
Israel,ISR,2019,0
Israel,ISR,2020,0
Israel,ISR,2021,0
Italy,ITA,2000,0
Italy,ITA,2001,0
Italy,ITA,2002,0
Italy,ITA,2003,0
Italy,ITA,2004,1.25
Italy,ITA,2005,0
Italy,ITA,2006,0
Italy,ITA,2007,0
Italy,ITA,2008,0
Italy,ITA,2009,0
Italy,ITA,2010,0
Italy,ITA,2011,0
Italy,ITA,2012,0
Italy,ITA,2013,0
Italy,ITA,2014,0
Italy,ITA,2015,0
Italy,ITA,2016,0
Italy,ITA,2017,0
Italy,ITA,2018,0
Italy,ITA,2019,0
Italy,ITA,2020,0
Italy,ITA,2021,0
Jamaica,JAM,2000,0.07
Jamaica,JAM,2001,0.06
Jamaica,JAM,2002,0.06
Jamaica,JAM,2003,0.06
Jamaica,JAM,2004,0.06
Jamaica,JAM,2005,0.13
Jamaica,JAM,2006,0.08
Jamaica,JAM,2007,0.39
Jamaica,JAM,2008,0.58
Jamaica,JAM,2009,0.48
Jamaica,JAM,2010,0.82
Jamaica,JAM,2011,1.23
Jamaica,JAM,2012,1.55
Jamaica,JAM,2013,1.71
Jamaica,JAM,2014,1.66
Jamaica,JAM,2015,2.26
Jamaica,JAM,2016,1.9
Jamaica,JAM,2017,1.81
Jamaica,JAM,2018,1.55
Jamaica,JAM,2019,1.43
Jamaica,JAM,2020,1.17
Jamaica,JAM,2021,1.13
Japan,JPN,2000,0.11
Japan,JPN,2001,0.09
Japan,JPN,2002,0.09
Japan,JPN,2003,0.1
Japan,JPN,2004,0.13
Japan,JPN,2005,1.15
Japan,JPN,2006,0.16
Japan,JPN,2007,0.17
Japan,JPN,2008,0.14
Japan,JPN,2009,0.13
Japan,JPN,2010,0.12
Japan,JPN,2011,0.12
Japan,JPN,2012,0.1
Japan,JPN,2013,0.07
Japan,JPN,2014,0.07
Japan,JPN,2015,0.07
Japan,JPN,2016,0.08
Japan,JPN,2017,0.06
Japan,JPN,2018,0.05
Japan,JPN,2019,0.05
Japan,JPN,2020,0.03
Japan,JPN,2021,0.03
Jordan,JOR,2000,0.04
Jordan,JOR,2001,0.04
Jordan,JOR,2002,0.04
Jordan,JOR,2003,0.04
Jordan,JOR,2004,0.04
Jordan,JOR,2005,0.04
Jordan,JOR,2006,0.04
Jordan,JOR,2007,0.04
Jordan,JOR,2008,0.05
Jordan,JOR,2009,0.05
Jordan,JOR,2010,0.05
Jordan,JOR,2011,0.05
Jordan,JOR,2012,0.05
Jordan,JOR,2013,0.05
Jordan,JOR,2014,0.05
Jordan,JOR,2015,0.05
Jordan,JOR,2016,0.05
Jordan,JOR,2017,0.05
Jordan,JOR,2018,0.05
Jordan,JOR,2019,0.05
Jordan,JOR,2020,0.06
Jordan,JOR,2021,0.05
Kazakhstan,KAZ,2000,0
Kazakhstan,KAZ,2001,0
Kazakhstan,KAZ,2002,0
Kazakhstan,KAZ,2003,0
Kazakhstan,KAZ,2004,0
Kazakhstan,KAZ,2005,0
Kazakhstan,KAZ,2006,0
Kazakhstan,KAZ,2007,0
Kazakhstan,KAZ,2008,0
Kazakhstan,KAZ,2009,0
Kazakhstan,KAZ,2010,0
Kazakhstan,KAZ,2011,0
Kazakhstan,KAZ,2012,0
Kazakhstan,KAZ,2013,0
Kazakhstan,KAZ,2014,0
Kazakhstan,KAZ,2015,0
Kazakhstan,KAZ,2016,0
Kazakhstan,KAZ,2017,0
Kazakhstan,KAZ,2018,0
Kazakhstan,KAZ,2019,0
Kazakhstan,KAZ,2020,0
Kazakhstan,KAZ,2021,0
Kenya,KEN,2000,0.01
Kenya,KEN,2001,0.01
Kenya,KEN,2002,0.01
Kenya,KEN,2003,0.01
Kenya,KEN,2004,0.01
Kenya,KEN,2005,0.01
Kenya,KEN,2006,0.01
Kenya,KEN,2007,0.01
Kenya,KEN,2008,0.01
Kenya,KEN,2009,0.01
Kenya,KEN,2010,0.01
Kenya,KEN,2011,0.01
Kenya,KEN,2012,0.01
Kenya,KEN,2013,0.01
Kenya,KEN,2014,0.01
Kenya,KEN,2015,0.01
Kenya,KEN,2016,0.01
Kenya,KEN,2017,0.01
Kenya,KEN,2018,0.01
Kenya,KEN,2019,0.01
Kenya,KEN,2020,0.01
Kenya,KEN,2021,0.01
Kiribati,KIR,2000,0.34
Kiribati,KIR,2001,0.32
Kiribati,KIR,2002,0.29
Kiribati,KIR,2003,0.33
Kiribati,KIR,2004,0.23
Kiribati,KIR,2005,0.2
Kiribati,KIR,2006,0.17
Kiribati,KIR,2007,0.15
Kiribati,KIR,2008,0.19
Kiribati,KIR,2009,0.13
Kiribati,KIR,2010,0.12
Kiribati,KIR,2011,0.11
Kiribati,KIR,2012,0.11
Kiribati,KIR,2013,0.1
Kiribati,KIR,2014,0.1
Kiribati,KIR,2015,0.1
Kiribati,KIR,2016,0.09
Kiribati,KIR,2017,0.09
Kiribati,KIR,2018,0.09
Kiribati,KIR,2019,0.09
Kiribati,KIR,2020,0.1
Kiribati,KIR,2021,0.1
Kuwait,KWT,2000,0.01
Kuwait,KWT,2001,0
Kuwait,KWT,2002,0
Kuwait,KWT,2003,0
Kuwait,KWT,2004,0
Kuwait,KWT,2005,0
Kuwait,KWT,2006,0
Kuwait,KWT,2007,0
Kuwait,KWT,2008,0
Kuwait,KWT,2009,0
Kuwait,KWT,2010,0
Kuwait,KWT,2011,0
Kuwait,KWT,2012,0
Kuwait,KWT,2013,0
Kuwait,KWT,2014,0
Kuwait,KWT,2015,0
Kuwait,KWT,2016,0
Kuwait,KWT,2017,0
Kuwait,KWT,2018,0
Kuwait,KWT,2019,0
Kuwait,KWT,2020,0
Kuwait,KWT,2021,0
Kyrgyzstan,KGZ,2000,0
Kyrgyzstan,KGZ,2001,0
Kyrgyzstan,KGZ,2002,0
Kyrgyzstan,KGZ,2003,0
Kyrgyzstan,KGZ,2004,0
Kyrgyzstan,KGZ,2005,0
Kyrgyzstan,KGZ,2006,0
Kyrgyzstan,KGZ,2007,0
Kyrgyzstan,KGZ,2008,0
Kyrgyzstan,KGZ,2009,0
Kyrgyzstan,KGZ,2010,0
Kyrgyzstan,KGZ,2011,0
Kyrgyzstan,KGZ,2012,0
Kyrgyzstan,KGZ,2013,0
Kyrgyzstan,KGZ,2014,0
Kyrgyzstan,KGZ,2015,0
Kyrgyzstan,KGZ,2016,0
Kyrgyzstan,KGZ,2017,0
Kyrgyzstan,KGZ,2018,0
Kyrgyzstan,KGZ,2019,0
Kyrgyzstan,KGZ,2020,0
Kyrgyzstan,KGZ,2021,0
Laos,LAO,2000,20.53
Laos,LAO,2001,20.79
Laos,LAO,2002,20.02
Laos,LAO,2003,15.84
Laos,LAO,2004,16.1
Laos,LAO,2005,20
Laos,LAO,2006,18.81
Laos,LAO,2007,14.25
Laos,LAO,2008,19.44
Laos,LAO,2009,18.16
Laos,LAO,2010,18.66
Laos,LAO,2011,18.7
Laos,LAO,2012,18
Laos,LAO,2013,129.79
Laos,LAO,2014,17.53
Laos,LAO,2015,16.79
Laos,LAO,2016,16.01
Laos,LAO,2017,15.88
Laos,LAO,2018,15.27
Laos,LAO,2019,14.95
Laos,LAO,2020,14.39
Laos,LAO,2021,21.16
Latvia,LVA,2000,0
Latvia,LVA,2001,0
Latvia,LVA,2002,0
Latvia,LVA,2003,0
Latvia,LVA,2004,0
Latvia,LVA,2005,0
Latvia,LVA,2006,0
Latvia,LVA,2007,0
Latvia,LVA,2008,0
Latvia,LVA,2009,0
Latvia,LVA,2010,0
Latvia,LVA,2011,0
Latvia,LVA,2012,0
Latvia,LVA,2013,0
Latvia,LVA,2014,0
Latvia,LVA,2015,0
Latvia,LVA,2016,0
Latvia,LVA,2017,0
Latvia,LVA,2018,0
Latvia,LVA,2019,0
Latvia,LVA,2020,0
Latvia,LVA,2021,0
Lebanon,LBN,2000,0.01
Lebanon,LBN,2001,0.01
Lebanon,LBN,2002,0.01
Lebanon,LBN,2003,0.01
Lebanon,LBN,2004,0.02
Lebanon,LBN,2005,0.02
Lebanon,LBN,2006,0.02
Lebanon,LBN,2007,0.02
Lebanon,LBN,2008,0.02
Lebanon,LBN,2009,0.02
Lebanon,LBN,2010,0.02
Lebanon,LBN,2011,0.02
Lebanon,LBN,2012,0.02
Lebanon,LBN,2013,0.03
Lebanon,LBN,2014,0.03
Lebanon,LBN,2015,0.03
Lebanon,LBN,2016,0.03
Lebanon,LBN,2017,0.03
Lebanon,LBN,2018,0.03
Lebanon,LBN,2019,0.03
Lebanon,LBN,2020,0.03
Lebanon,LBN,2021,0.03
Lesotho,LSO,2000,0
Lesotho,LSO,2001,0
Lesotho,LSO,2002,0
Lesotho,LSO,2003,0
Lesotho,LSO,2004,0
Lesotho,LSO,2005,0
Lesotho,LSO,2006,0
Lesotho,LSO,2007,0
Lesotho,LSO,2008,0
Lesotho,LSO,2009,0
Lesotho,LSO,2010,0
Lesotho,LSO,2011,0
Lesotho,LSO,2012,0
Lesotho,LSO,2013,0
Lesotho,LSO,2014,0
Lesotho,LSO,2015,0
Lesotho,LSO,2016,0
Lesotho,LSO,2017,0
Lesotho,LSO,2018,0
Lesotho,LSO,2019,0
Lesotho,LSO,2020,0
Lesotho,LSO,2021,0
Liberia,LBR,2000,0.01
Liberia,LBR,2001,0.01
Liberia,LBR,2002,0.01
Liberia,LBR,2003,0.01
Liberia,LBR,2004,0.01
Liberia,LBR,2005,0.01
Liberia,LBR,2006,0.01
Liberia,LBR,2007,0.01
Liberia,LBR,2008,0.01
Liberia,LBR,2009,0.01
Liberia,LBR,2010,0.02
Liberia,LBR,2011,0.02
Liberia,LBR,2012,0.02
Liberia,LBR,2013,0.02
Liberia,LBR,2014,0.02
Liberia,LBR,2015,0.02
Liberia,LBR,2016,0.02
Liberia,LBR,2017,0.02
Liberia,LBR,2018,0.02
Liberia,LBR,2019,0.02
Liberia,LBR,2020,0.02
Liberia,LBR,2021,0.02
Libya,LBY,2000,0
Libya,LBY,2001,0
Libya,LBY,2002,0
Libya,LBY,2003,0
Libya,LBY,2004,0
Libya,LBY,2005,0
Libya,LBY,2006,0
Libya,LBY,2007,0
Libya,LBY,2008,0
Libya,LBY,2009,0
Libya,LBY,2010,0
Libya,LBY,2011,0
Libya,LBY,2012,0
Libya,LBY,2013,0
Libya,LBY,2014,0
Libya,LBY,2015,0
Libya,LBY,2016,0
Libya,LBY,2017,0
Libya,LBY,2018,0
Libya,LBY,2019,0
Libya,LBY,2020,0
Libya,LBY,2021,0
Lithuania,LTU,2000,0
Lithuania,LTU,2001,0
Lithuania,LTU,2002,0
Lithuania,LTU,2003,0
Lithuania,LTU,2004,0
Lithuania,LTU,2005,0
Lithuania,LTU,2006,0
Lithuania,LTU,2007,0
Lithuania,LTU,2008,0
Lithuania,LTU,2009,0
Lithuania,LTU,2010,0
Lithuania,LTU,2011,0
Lithuania,LTU,2012,0
Lithuania,LTU,2013,0
Lithuania,LTU,2014,0
Lithuania,LTU,2015,0
Lithuania,LTU,2016,0
Lithuania,LTU,2017,0
Lithuania,LTU,2018,0
Lithuania,LTU,2019,0
Lithuania,LTU,2020,0
Lithuania,LTU,2021,0
Luxembourg,LUX,2000,0
Luxembourg,LUX,2001,0
Luxembourg,LUX,2002,0
Luxembourg,LUX,2003,0
Luxembourg,LUX,2004,0
Luxembourg,LUX,2005,0
Luxembourg,LUX,2006,0
Luxembourg,LUX,2007,0
Luxembourg,LUX,2008,0
Luxembourg,LUX,2009,0
Luxembourg,LUX,2010,0
Luxembourg,LUX,2011,0
Luxembourg,LUX,2012,0
Luxembourg,LUX,2013,0
Luxembourg,LUX,2014,0
Luxembourg,LUX,2015,0
Luxembourg,LUX,2016,0
Luxembourg,LUX,2017,0
Luxembourg,LUX,2018,0
Luxembourg,LUX,2019,0
Luxembourg,LUX,2020,0
Luxembourg,LUX,2021,0
Madagascar,MDG,2000,0.02
Madagascar,MDG,2001,0.02
Madagascar,MDG,2002,0.03
Madagascar,MDG,2003,0.03
Madagascar,MDG,2004,0.03
Madagascar,MDG,2005,0.04
Madagascar,MDG,2006,0.04
Madagascar,MDG,2007,0.04
Madagascar,MDG,2008,0.05
Madagascar,MDG,2009,0.05
Madagascar,MDG,2010,0.06
Madagascar,MDG,2011,0.06
Madagascar,MDG,2012,0.06
Madagascar,MDG,2013,0.07
Madagascar,MDG,2014,0.07
Madagascar,MDG,2015,0.07
Madagascar,MDG,2016,0.08
Madagascar,MDG,2017,0.08
Madagascar,MDG,2018,0.09
Madagascar,MDG,2019,0.1
Madagascar,MDG,2020,0.12
Madagascar,MDG,2021,0.11
Malawi,MWI,2000,3.1
Malawi,MWI,2001,3.36
Malawi,MWI,2002,3.15
Malawi,MWI,2003,3.43
Malawi,MWI,2004,2.79
Malawi,MWI,2005,2.93
Malawi,MWI,2006,2.13
Malawi,MWI,2007,2.59
Malawi,MWI,2008,2.46
Malawi,MWI,2009,3.2
Malawi,MWI,2010,3.67
Malawi,MWI,2011,4.96
Malawi,MWI,2012,5.44
Malawi,MWI,2013,6.04
Malawi,MWI,2014,6.34
Malawi,MWI,2015,7.14
Malawi,MWI,2016,7.65
Malawi,MWI,2017,7.47
Malawi,MWI,2018,8.2
Malawi,MWI,2019,8.1
Malawi,MWI,2020,9.09
Malawi,MWI,2021,8.68
Malaysia,MYS,2000,173.92
Malaysia,MYS,2001,188.68
Malaysia,MYS,2002,205.71
Malaysia,MYS,2003,216.61
Malaysia,MYS,2004,218.58
Malaysia,MYS,2005,214.22
Malaysia,MYS,2006,207.17
Malaysia,MYS,2007,245.3
Malaysia,MYS,2008,197.67
Malaysia,MYS,2009,193.66
Malaysia,MYS,2010,190.21
Malaysia,MYS,2011,178.49
Malaysia,MYS,2012,176.58
Malaysia,MYS,2013,185.66
Malaysia,MYS,2014,203.6
Malaysia,MYS,2015,219.82
Malaysia,MYS,2016,224.97
Malaysia,MYS,2017,372.55
Malaysia,MYS,2018,238.21
Malaysia,MYS,2019,238.62
Malaysia,MYS,2020,200.22
Malaysia,MYS,2021,237.83
Maldives,MDV,2000,3.7
Maldives,MDV,2001,3.64
Maldives,MDV,2002,3.18
Maldives,MDV,2003,2.88
Maldives,MDV,2004,2.39
Maldives,MDV,2005,2.33
Maldives,MDV,2006,2.49
Maldives,MDV,2007,2.5
Maldives,MDV,2008,2.67
Maldives,MDV,2009,2.8
Maldives,MDV,2010,2.7
Maldives,MDV,2011,6.18
Maldives,MDV,2012,2.86
Maldives,MDV,2013,2.4
Maldives,MDV,2014,2.4
Maldives,MDV,2015,2.2
Maldives,MDV,2016,2.01
Maldives,MDV,2017,1.76
Maldives,MDV,2018,1.44
Maldives,MDV,2019,1.66
Maldives,MDV,2020,1.27
Maldives,MDV,2021,0.98
Mali,MLI,2000,0.05
Mali,MLI,2001,0.05
Mali,MLI,2002,0.05
Mali,MLI,2003,0.05
Mali,MLI,2004,0.05
Mali,MLI,2005,0.05
Mali,MLI,2006,0.06
Mali,MLI,2007,0.06
Mali,MLI,2008,0.06
Mali,MLI,2009,0.07
Mali,MLI,2010,0.07
Mali,MLI,2011,0.07
Mali,MLI,2012,0.07
Mali,MLI,2013,0.07
Mali,MLI,2014,0.08
Mali,MLI,2015,0.08
Mali,MLI,2016,0.09
Mali,MLI,2017,0.09
Mali,MLI,2018,0.09
Mali,MLI,2019,0.09
Mali,MLI,2020,0.09
Mali,MLI,2021,0.09
Malta,MLT,2000,0
Malta,MLT,2001,0
Malta,MLT,2002,0
Malta,MLT,2003,0
Malta,MLT,2004,0
Malta,MLT,2005,0
Malta,MLT,2006,0
Malta,MLT,2007,0
Malta,MLT,2008,0
Malta,MLT,2009,0
Malta,MLT,2010,0
Malta,MLT,2011,0
Malta,MLT,2012,0
Malta,MLT,2013,0
Malta,MLT,2014,0
Malta,MLT,2015,0
Malta,MLT,2016,0
Malta,MLT,2017,0
Malta,MLT,2018,0
Malta,MLT,2019,0
Malta,MLT,2020,0
Malta,MLT,2021,0
Marshall Islands,MHL,2000,0.01
Marshall Islands,MHL,2001,0.01
Marshall Islands,MHL,2002,0.01
Marshall Islands,MHL,2003,0.01
Marshall Islands,MHL,2004,0.01
Marshall Islands,MHL,2005,0.01
Marshall Islands,MHL,2006,0.01
Marshall Islands,MHL,2007,0.01
Marshall Islands,MHL,2008,0.01
Marshall Islands,MHL,2009,0.01
Marshall Islands,MHL,2010,0.01
Marshall Islands,MHL,2011,0.01
Marshall Islands,MHL,2012,0.01
Marshall Islands,MHL,2013,0.01
Marshall Islands,MHL,2014,0.01
Marshall Islands,MHL,2015,0.01
Marshall Islands,MHL,2016,0.01
Marshall Islands,MHL,2017,0.01
Marshall Islands,MHL,2018,0.01
Marshall Islands,MHL,2019,0.01
Marshall Islands,MHL,2020,0.01
Marshall Islands,MHL,2021,0.01
Mauritania,MRT,2000,0.01
Mauritania,MRT,2001,0
Mauritania,MRT,2002,0.01
Mauritania,MRT,2003,0.01
Mauritania,MRT,2004,0.01
Mauritania,MRT,2005,0.01
Mauritania,MRT,2006,0.01
Mauritania,MRT,2007,0.01
Mauritania,MRT,2008,0.01
Mauritania,MRT,2009,0.01
Mauritania,MRT,2010,0.01
Mauritania,MRT,2011,0.01
Mauritania,MRT,2012,0.01
Mauritania,MRT,2013,0.01
Mauritania,MRT,2014,0.01
Mauritania,MRT,2015,0.01
Mauritania,MRT,2016,0.01
Mauritania,MRT,2017,0.01
Mauritania,MRT,2018,0.01
Mauritania,MRT,2019,0.01
Mauritania,MRT,2020,0.01
Mauritania,MRT,2021,0.01
Mauritius,MUS,2000,1.05
Mauritius,MUS,2001,0
Mauritius,MUS,2002,0
Mauritius,MUS,2003,0
Mauritius,MUS,2004,0
Mauritius,MUS,2005,0
Mauritius,MUS,2006,0
Mauritius,MUS,2007,0
Mauritius,MUS,2008,0
Mauritius,MUS,2009,0
Mauritius,MUS,2010,0
Mauritius,MUS,2011,0
Mauritius,MUS,2012,0
Mauritius,MUS,2013,0
Mauritius,MUS,2014,0
Mauritius,MUS,2015,0
Mauritius,MUS,2016,0
Mauritius,MUS,2017,0
Mauritius,MUS,2018,0
Mauritius,MUS,2019,0
Mauritius,MUS,2020,0
Mauritius,MUS,2021,0
Mexico,MEX,2000,0.95
Mexico,MEX,2001,1.05
Mexico,MEX,2002,8.51
Mexico,MEX,2003,11.78
Mexico,MEX,2004,13.16
Mexico,MEX,2005,44
Mexico,MEX,2006,21.88
Mexico,MEX,2007,30.86
Mexico,MEX,2008,38.65
Mexico,MEX,2009,92.77
Mexico,MEX,2010,83.6
Mexico,MEX,2011,44.32
Mexico,MEX,2012,150.93
Mexico,MEX,2013,180.07
Mexico,MEX,2014,93.3
Mexico,MEX,2015,93.5
Mexico,MEX,2016,2.31
Mexico,MEX,2017,1.63
Mexico,MEX,2018,1.2
Mexico,MEX,2019,1.02
Mexico,MEX,2020,0.58
Mexico,MEX,2021,0.54
Micronesia (country),FSM,2000,0.02
Micronesia (country),FSM,2001,0.02
Micronesia (country),FSM,2002,0.02
Micronesia (country),FSM,2003,0.01
Micronesia (country),FSM,2004,0.02
Micronesia (country),FSM,2005,0.01
Micronesia (country),FSM,2006,0.01
Micronesia (country),FSM,2007,0.01
Micronesia (country),FSM,2008,0.01
Micronesia (country),FSM,2009,0.01
Micronesia (country),FSM,2010,0.01
Micronesia (country),FSM,2011,0.01
Micronesia (country),FSM,2012,0.01
Micronesia (country),FSM,2013,0.01
Micronesia (country),FSM,2014,0.01
Micronesia (country),FSM,2015,0.01
Micronesia (country),FSM,2016,0.01
Micronesia (country),FSM,2017,0.02
Micronesia (country),FSM,2018,0.02
Micronesia (country),FSM,2019,0.02
Micronesia (country),FSM,2020,0.02
Micronesia (country),FSM,2021,0.02
Moldova,MDA,2000,0
Moldova,MDA,2001,0
Moldova,MDA,2002,0
Moldova,MDA,2003,0
Moldova,MDA,2004,0
Moldova,MDA,2005,0
Moldova,MDA,2006,0
Moldova,MDA,2007,0
Moldova,MDA,2008,0
Moldova,MDA,2009,0
Moldova,MDA,2010,0
Moldova,MDA,2011,0
Moldova,MDA,2012,0
Moldova,MDA,2013,0
Moldova,MDA,2014,0
Moldova,MDA,2015,0
Moldova,MDA,2016,0
Moldova,MDA,2017,0
Moldova,MDA,2018,0
Moldova,MDA,2019,0
Moldova,MDA,2020,0
Moldova,MDA,2021,0
Monaco,MCO,2000,0
Monaco,MCO,2001,0
Monaco,MCO,2002,0
Monaco,MCO,2003,0
Monaco,MCO,2004,0
Monaco,MCO,2005,0
Monaco,MCO,2006,0
Monaco,MCO,2007,0
Monaco,MCO,2008,0
Monaco,MCO,2009,0
Monaco,MCO,2010,0
Monaco,MCO,2011,0
Monaco,MCO,2012,0
Monaco,MCO,2013,0
Monaco,MCO,2014,0
Monaco,MCO,2015,0
Monaco,MCO,2016,0
Monaco,MCO,2017,0
Monaco,MCO,2018,0
Monaco,MCO,2019,0
Monaco,MCO,2020,0
Monaco,MCO,2021,0
Mongolia,MNG,2000,0
Mongolia,MNG,2001,0
Mongolia,MNG,2002,0
Mongolia,MNG,2003,0
Mongolia,MNG,2004,0
Mongolia,MNG,2005,0
Mongolia,MNG,2006,0
Mongolia,MNG,2007,0
Mongolia,MNG,2008,0
Mongolia,MNG,2009,0
Mongolia,MNG,2010,0
Mongolia,MNG,2011,0
Mongolia,MNG,2012,0
Mongolia,MNG,2013,0
Mongolia,MNG,2014,0
Mongolia,MNG,2015,0
Mongolia,MNG,2016,0
Mongolia,MNG,2017,0
Mongolia,MNG,2018,0
Mongolia,MNG,2019,0
Mongolia,MNG,2020,0
Mongolia,MNG,2021,0
Montenegro,MNE,2000,0
Montenegro,MNE,2001,0
Montenegro,MNE,2002,0
Montenegro,MNE,2003,0
Montenegro,MNE,2004,0
Montenegro,MNE,2005,0
Montenegro,MNE,2006,0
Montenegro,MNE,2007,0
Montenegro,MNE,2008,0
Montenegro,MNE,2009,0
Montenegro,MNE,2010,0
Montenegro,MNE,2011,0
Montenegro,MNE,2012,0
Montenegro,MNE,2013,0
Montenegro,MNE,2014,0
Montenegro,MNE,2015,0
Montenegro,MNE,2016,0
Montenegro,MNE,2017,0
Montenegro,MNE,2018,0
Montenegro,MNE,2019,0
Montenegro,MNE,2020,0
Montenegro,MNE,2021,0
Morocco,MAR,2000,0
Morocco,MAR,2001,0
Morocco,MAR,2002,0
Morocco,MAR,2003,0
Morocco,MAR,2004,0
Morocco,MAR,2005,0
Morocco,MAR,2006,0
Morocco,MAR,2007,0
Morocco,MAR,2008,0
Morocco,MAR,2009,0
Morocco,MAR,2010,0
Morocco,MAR,2011,0
Morocco,MAR,2012,0
Morocco,MAR,2013,0
Morocco,MAR,2014,0
Morocco,MAR,2015,0
Morocco,MAR,2016,0
Morocco,MAR,2017,0
Morocco,MAR,2018,0
Morocco,MAR,2019,0
Morocco,MAR,2020,0
Morocco,MAR,2021,0
Mozambique,MOZ,2000,0.03
Mozambique,MOZ,2001,0.03
Mozambique,MOZ,2002,0.03
Mozambique,MOZ,2003,0.03
Mozambique,MOZ,2004,0.03
Mozambique,MOZ,2005,0.03
Mozambique,MOZ,2006,0.04
Mozambique,MOZ,2007,0.04
Mozambique,MOZ,2008,0.04
Mozambique,MOZ,2009,0.04
Mozambique,MOZ,2010,0.05
Mozambique,MOZ,2011,0.05
Mozambique,MOZ,2012,0.05
Mozambique,MOZ,2013,0.06
Mozambique,MOZ,2014,0.06
Mozambique,MOZ,2015,0.06
Mozambique,MOZ,2016,0.08
Mozambique,MOZ,2017,0.08
Mozambique,MOZ,2018,0.08
Mozambique,MOZ,2019,0.08
Mozambique,MOZ,2020,0.08
Mozambique,MOZ,2021,0.08
Myanmar,MMR,2000,643.15
Myanmar,MMR,2001,598.54
Myanmar,MMR,2002,646.76
Myanmar,MMR,2003,637.84
Myanmar,MMR,2004,586.4
Myanmar,MMR,2005,584.23
Myanmar,MMR,2006,568.84
Myanmar,MMR,2007,594.88
Myanmar,MMR,2008,613.44
Myanmar,MMR,2009,475.19
Myanmar,MMR,2010,443.11
Myanmar,MMR,2011,389.3
Myanmar,MMR,2012,373.03
Myanmar,MMR,2013,355.56
Myanmar,MMR,2014,345.38
Myanmar,MMR,2015,332.31
Myanmar,MMR,2016,316.87
Myanmar,MMR,2017,308.55
Myanmar,MMR,2018,313.64
Myanmar,MMR,2019,325.51
Myanmar,MMR,2020,371.37
Myanmar,MMR,2021,395.7
Namibia,NAM,2000,0
Namibia,NAM,2001,0
Namibia,NAM,2002,0
Namibia,NAM,2003,0
Namibia,NAM,2004,0
Namibia,NAM,2005,0
Namibia,NAM,2006,0
Namibia,NAM,2007,0
Namibia,NAM,2008,0
Namibia,NAM,2009,0
Namibia,NAM,2010,0
Namibia,NAM,2011,0
Namibia,NAM,2012,0
Namibia,NAM,2013,0
Namibia,NAM,2014,0
Namibia,NAM,2015,0
Namibia,NAM,2016,0
Namibia,NAM,2017,0
Namibia,NAM,2018,0
Namibia,NAM,2019,0
Namibia,NAM,2020,0
Namibia,NAM,2021,0
Nauru,NRU,2000,0
Nauru,NRU,2001,0
Nauru,NRU,2002,0
Nauru,NRU,2003,0
Nauru,NRU,2004,0
Nauru,NRU,2005,0
Nauru,NRU,2006,0
Nauru,NRU,2007,0
Nauru,NRU,2008,0
Nauru,NRU,2009,0
Nauru,NRU,2010,0
Nauru,NRU,2011,0
Nauru,NRU,2012,0
Nauru,NRU,2013,0
Nauru,NRU,2014,0
Nauru,NRU,2015,0
Nauru,NRU,2016,0
Nauru,NRU,2017,0
Nauru,NRU,2018,0
Nauru,NRU,2019,0
Nauru,NRU,2020,0
Nauru,NRU,2021,0
Nepal,NPL,2000,157.2
Nepal,NPL,2001,174.36
Nepal,NPL,2002,152.48
Nepal,NPL,2003,183.21
Nepal,NPL,2004,177.21
Nepal,NPL,2005,163.67
Nepal,NPL,2006,175.88
Nepal,NPL,2007,179.17
Nepal,NPL,2008,179.22
Nepal,NPL,2009,188.79
Nepal,NPL,2010,260.27
Nepal,NPL,2011,200.43
Nepal,NPL,2012,200.73
Nepal,NPL,2013,214.65
Nepal,NPL,2014,225.07
Nepal,NPL,2015,226.4
Nepal,NPL,2016,229.32
Nepal,NPL,2017,236.09
Nepal,NPL,2018,238.39
Nepal,NPL,2019,238.61
Nepal,NPL,2020,242.5
Nepal,NPL,2021,237.07
Netherlands,NLD,2000,1.09
Netherlands,NLD,2001,0
Netherlands,NLD,2002,0
Netherlands,NLD,2003,0
Netherlands,NLD,2004,0
Netherlands,NLD,2005,1.06
Netherlands,NLD,2006,0
Netherlands,NLD,2007,0
Netherlands,NLD,2008,0
Netherlands,NLD,2009,0
Netherlands,NLD,2010,0
Netherlands,NLD,2011,0
Netherlands,NLD,2012,0
Netherlands,NLD,2013,0
Netherlands,NLD,2014,0
Netherlands,NLD,2015,0
Netherlands,NLD,2016,0
Netherlands,NLD,2017,0
Netherlands,NLD,2018,0
Netherlands,NLD,2019,0
Netherlands,NLD,2020,0
Netherlands,NLD,2021,0
New Zealand,NZL,2000,0
New Zealand,NZL,2001,0
New Zealand,NZL,2002,0
New Zealand,NZL,2003,0
New Zealand,NZL,2004,0
New Zealand,NZL,2005,0
New Zealand,NZL,2006,0
New Zealand,NZL,2007,0
New Zealand,NZL,2008,1.05
New Zealand,NZL,2009,0
New Zealand,NZL,2010,0
New Zealand,NZL,2011,0
New Zealand,NZL,2012,0
New Zealand,NZL,2013,0
New Zealand,NZL,2014,0
New Zealand,NZL,2015,0
New Zealand,NZL,2016,0
New Zealand,NZL,2017,0
New Zealand,NZL,2018,0
New Zealand,NZL,2019,0
New Zealand,NZL,2020,0
New Zealand,NZL,2021,0
Nicaragua,NIC,2000,22.07
Nicaragua,NIC,2001,26.13
Nicaragua,NIC,2002,20.31
Nicaragua,NIC,2003,12.68
Nicaragua,NIC,2004,7.46
Nicaragua,NIC,2005,13.6
Nicaragua,NIC,2006,2.33
Nicaragua,NIC,2007,13.18
Nicaragua,NIC,2008,7.49
Nicaragua,NIC,2009,17.7
Nicaragua,NIC,2010,9.06
Nicaragua,NIC,2011,4.53
Nicaragua,NIC,2012,5.8
Nicaragua,NIC,2013,14.82
Nicaragua,NIC,2014,0.56
Nicaragua,NIC,2015,12.44
Nicaragua,NIC,2016,0.34
Nicaragua,NIC,2017,0.34
Nicaragua,NIC,2018,0.27
Nicaragua,NIC,2019,5.7
Nicaragua,NIC,2020,0.16
Nicaragua,NIC,2021,0.14
Niger,NER,2000,0.05
Niger,NER,2001,0.05
Niger,NER,2002,0.05
Niger,NER,2003,0.05
Niger,NER,2004,0.05
Niger,NER,2005,0.06
Niger,NER,2006,0.06
Niger,NER,2007,0.07
Niger,NER,2008,0.06
Niger,NER,2009,0.07
Niger,NER,2010,0.07
Niger,NER,2011,0.08
Niger,NER,2012,0.08
Niger,NER,2013,0.09
Niger,NER,2014,0.09
Niger,NER,2015,0.1
Niger,NER,2016,0.11
Niger,NER,2017,0.11
Niger,NER,2018,0.12
Niger,NER,2019,0.12
Niger,NER,2020,0.13
Niger,NER,2021,0.13
Nigeria,NGA,2000,0.47
Nigeria,NGA,2001,0.51
Nigeria,NGA,2002,0.5
Nigeria,NGA,2003,0.53
Nigeria,NGA,2004,0.55
Nigeria,NGA,2005,0.53
Nigeria,NGA,2006,0.67
Nigeria,NGA,2007,0.71
Nigeria,NGA,2008,0.72
Nigeria,NGA,2009,0.75
Nigeria,NGA,2010,0.82
Nigeria,NGA,2011,0.89
Nigeria,NGA,2012,0.9
Nigeria,NGA,2013,0.95
Nigeria,NGA,2014,1
Nigeria,NGA,2015,1.01
Nigeria,NGA,2016,1.13
Nigeria,NGA,2017,1.11
Nigeria,NGA,2018,1.14
Nigeria,NGA,2019,1.1
Nigeria,NGA,2020,1.27
Nigeria,NGA,2021,1.33
Niue,NIU,2000,0
Niue,NIU,2001,0
Niue,NIU,2002,0
Niue,NIU,2003,0
Niue,NIU,2004,0
Niue,NIU,2005,0
Niue,NIU,2006,0
Niue,NIU,2007,0
Niue,NIU,2008,0
Niue,NIU,2009,0
Niue,NIU,2010,0
Niue,NIU,2011,0
Niue,NIU,2012,0
Niue,NIU,2013,0
Niue,NIU,2014,0
Niue,NIU,2015,0
Niue,NIU,2016,0
Niue,NIU,2017,0
Niue,NIU,2018,0
Niue,NIU,2019,0
Niue,NIU,2020,0
Niue,NIU,2021,0
North America,,2000,100.58
North America,,2001,92
North America,,2002,114.99
North America,,2003,100.439995
North America,,2004,104.44
North America,,2005,155.69
North America,,2006,144.11
North America,,2007,152.15001
North America,,2008,152.04001
North America,,2009,257.01
North America,,2010,266.22
North America,,2011,176.5
North America,,2012,282.63998
North America,,2013,360.88
North America,,2014,240.39
North America,,2015,250.77
North America,,2016,136.89
North America,,2017,139.77
North America,,2018,136.72
North America,,2019,246.8
North America,,2020,125.4
North America,,2021,113.880005
North Korea,PRK,2000,0
North Korea,PRK,2001,0
North Korea,PRK,2002,0
North Korea,PRK,2003,0
North Korea,PRK,2004,0
North Korea,PRK,2005,0
North Korea,PRK,2006,0
North Korea,PRK,2007,0
North Korea,PRK,2008,0
North Korea,PRK,2009,0
North Korea,PRK,2010,0
North Korea,PRK,2011,0
North Korea,PRK,2012,0
North Korea,PRK,2013,0
North Korea,PRK,2014,0
North Korea,PRK,2015,0
North Korea,PRK,2016,0
North Korea,PRK,2017,0
North Korea,PRK,2018,0
North Korea,PRK,2019,0
North Korea,PRK,2020,0
North Korea,PRK,2021,0
North Macedonia,MKD,2000,0
North Macedonia,MKD,2001,0
North Macedonia,MKD,2002,0
North Macedonia,MKD,2003,0
North Macedonia,MKD,2004,0
North Macedonia,MKD,2005,0
North Macedonia,MKD,2006,0
North Macedonia,MKD,2007,0
North Macedonia,MKD,2008,0
North Macedonia,MKD,2009,0
North Macedonia,MKD,2010,0
North Macedonia,MKD,2011,0
North Macedonia,MKD,2012,0
North Macedonia,MKD,2013,0
North Macedonia,MKD,2014,0
North Macedonia,MKD,2015,0
North Macedonia,MKD,2016,0
North Macedonia,MKD,2017,0
North Macedonia,MKD,2018,0
North Macedonia,MKD,2019,0
North Macedonia,MKD,2020,0
North Macedonia,MKD,2021,0
Norway,NOR,2000,0
Norway,NOR,2001,0
Norway,NOR,2002,0
Norway,NOR,2003,0
Norway,NOR,2004,0
Norway,NOR,2005,1.02
Norway,NOR,2006,1.04
Norway,NOR,2007,0
Norway,NOR,2008,1.04
Norway,NOR,2009,0
Norway,NOR,2010,0
Norway,NOR,2011,0
Norway,NOR,2012,1.09
Norway,NOR,2013,0
Norway,NOR,2014,0
Norway,NOR,2015,0
Norway,NOR,2016,0
Norway,NOR,2017,0
Norway,NOR,2018,0
Norway,NOR,2019,0
Norway,NOR,2020,0
Norway,NOR,2021,0
Oceania,,2000,6.67
Oceania,,2001,3.78
Oceania,,2002,4.06
Oceania,,2003,4.3399997
Oceania,,2004,5.1
Oceania,,2005,4.33
Oceania,,2006,4.28
Oceania,,2007,4.34
Oceania,,2008,6.69
Oceania,,2009,5.56
Oceania,,2010,4.88
Oceania,,2011,3.4099998
Oceania,,2012,5.64
Oceania,,2013,10.41
Oceania,,2014,3.4
Oceania,,2015,3.32
Oceania,,2016,3.26
Oceania,,2017,3.28
Oceania,,2018,3.27
Oceania,,2019,3.27
Oceania,,2020,3.24
Oceania,,2021,3.1
Oman,OMN,2000,7.15
Oman,OMN,2001,6.99
Oman,OMN,2002,6.73
Oman,OMN,2003,6.54
Oman,OMN,2004,6.48
Oman,OMN,2005,6.51
Oman,OMN,2006,6.49
Oman,OMN,2007,6.59
Oman,OMN,2008,6.81
Oman,OMN,2009,6.37
Oman,OMN,2010,7.65
Oman,OMN,2011,8.12
Oman,OMN,2012,8.64
Oman,OMN,2013,8.56
Oman,OMN,2014,8.83
Oman,OMN,2015,8.92
Oman,OMN,2016,9.15
Oman,OMN,2017,9.55
Oman,OMN,2018,9.81
Oman,OMN,2019,10.15
Oman,OMN,2020,11.79
Oman,OMN,2021,10.1
Pakistan,PAK,2000,390.92
Pakistan,PAK,2001,383.62
Pakistan,PAK,2002,414.68
Pakistan,PAK,2003,428.34
Pakistan,PAK,2004,472.25
Pakistan,PAK,2005,512.5
Pakistan,PAK,2006,561.58
Pakistan,PAK,2007,584.68
Pakistan,PAK,2008,643.13
Pakistan,PAK,2009,685.28
Pakistan,PAK,2010,611.65
Pakistan,PAK,2011,643.23
Pakistan,PAK,2012,734.06
Pakistan,PAK,2013,641.41
Pakistan,PAK,2014,796.05
Pakistan,PAK,2015,823.36
Pakistan,PAK,2016,838.43
Pakistan,PAK,2017,961.2
Pakistan,PAK,2018,872.75
Pakistan,PAK,2019,923.12
Pakistan,PAK,2020,945.1
Pakistan,PAK,2021,963.81
Palau,PLW,2000,0.01
Palau,PLW,2001,0.01
Palau,PLW,2002,0.01
Palau,PLW,2003,0.01
Palau,PLW,2004,0.01
Palau,PLW,2005,0.01
Palau,PLW,2006,0
Palau,PLW,2007,0
Palau,PLW,2008,0
Palau,PLW,2009,0
Palau,PLW,2010,0
Palau,PLW,2011,0
Palau,PLW,2012,0
Palau,PLW,2013,0
Palau,PLW,2014,0
Palau,PLW,2015,0
Palau,PLW,2016,0
Palau,PLW,2017,0
Palau,PLW,2018,0
Palau,PLW,2019,0
Palau,PLW,2020,0
Palau,PLW,2021,0
Panama,PAN,2000,0.02
Panama,PAN,2001,0.02
Panama,PAN,2002,0.02
Panama,PAN,2003,0.03
Panama,PAN,2004,1.9
Panama,PAN,2005,0.08
Panama,PAN,2006,1.18
Panama,PAN,2007,3.99
Panama,PAN,2008,3.43
Panama,PAN,2009,4.86
Panama,PAN,2010,4.2
Panama,PAN,2011,8.04
Panama,PAN,2012,1.2
Panama,PAN,2013,7.69
Panama,PAN,2014,12.89
Panama,PAN,2015,5.46
Panama,PAN,2016,0.17
Panama,PAN,2017,0.14
Panama,PAN,2018,0.11
Panama,PAN,2019,0.1
Panama,PAN,2020,0.08
Panama,PAN,2021,0.07
Papua New Guinea,PNG,2000,0.33
Papua New Guinea,PNG,2001,0.35
Papua New Guinea,PNG,2002,0.36
Papua New Guinea,PNG,2003,0.37
Papua New Guinea,PNG,2004,0.37
Papua New Guinea,PNG,2005,0.37
Papua New Guinea,PNG,2006,0.38
Papua New Guinea,PNG,2007,0.38
Papua New Guinea,PNG,2008,0.38
Papua New Guinea,PNG,2009,0.39
Papua New Guinea,PNG,2010,0.42
Papua New Guinea,PNG,2011,0.43
Papua New Guinea,PNG,2012,0.44
Papua New Guinea,PNG,2013,0.47
Papua New Guinea,PNG,2014,0.53
Papua New Guinea,PNG,2015,0.55
Papua New Guinea,PNG,2016,0.57
Papua New Guinea,PNG,2017,0.56
Papua New Guinea,PNG,2018,0.6
Papua New Guinea,PNG,2019,0.62
Papua New Guinea,PNG,2020,0.58
Papua New Guinea,PNG,2021,0.6
Paraguay,PRY,2000,0.05
Paraguay,PRY,2001,0.05
Paraguay,PRY,2002,0.06
Paraguay,PRY,2003,0.08
Paraguay,PRY,2004,0.1
Paraguay,PRY,2005,0.12
Paraguay,PRY,2006,5.06
Paraguay,PRY,2007,36.84
Paraguay,PRY,2008,0.23
Paraguay,PRY,2009,2.48
Paraguay,PRY,2010,28.65
Paraguay,PRY,2011,144.17
Paraguay,PRY,2012,114.4
Paraguay,PRY,2013,445.25
Paraguay,PRY,2014,14.1
Paraguay,PRY,2015,42.57
Paraguay,PRY,2016,0.66
Paraguay,PRY,2017,0.51
Paraguay,PRY,2018,0.46
Paraguay,PRY,2019,0.37
Paraguay,PRY,2020,3.6
Paraguay,PRY,2021,0.32
Peru,PER,2000,1.56
Peru,PER,2001,10.98
Peru,PER,2002,0.31
Peru,PER,2003,0.28
Peru,PER,2004,0.25
Peru,PER,2005,1.41
Peru,PER,2006,2.88
Peru,PER,2007,4.72
Peru,PER,2008,2.47
Peru,PER,2009,2.53
Peru,PER,2010,5.95
Peru,PER,2011,24.95
Peru,PER,2012,17.31
Peru,PER,2013,7.12
Peru,PER,2014,9.35
Peru,PER,2015,39.94
Peru,PER,2016,0.14
Peru,PER,2017,0.1
Peru,PER,2018,0.1
Peru,PER,2019,0.09
Peru,PER,2020,0.07
Peru,PER,2021,0.05
Philippines,PHL,2000,545.12
Philippines,PHL,2001,709.17
Philippines,PHL,2002,715.05
Philippines,PHL,2003,906.55
Philippines,PHL,2004,1084.16
Philippines,PHL,2005,1140.33
Philippines,PHL,2006,1181.94
Philippines,PHL,2007,1494.15
Philippines,PHL,2008,1280.29
Philippines,PHL,2009,1300.52
Philippines,PHL,2010,1641.42
Philippines,PHL,2011,1187.46
Philippines,PHL,2012,1324.35
Philippines,PHL,2013,1346.03
Philippines,PHL,2014,1042.63
Philippines,PHL,2015,1665.81
Philippines,PHL,2016,1745.81
Philippines,PHL,2017,1691.23
Philippines,PHL,2018,1994.39
Philippines,PHL,2019,346.52
Philippines,PHL,2020,1412.63
Philippines,PHL,2021,1340.05
Poland,POL,2000,0
Poland,POL,2001,0
Poland,POL,2002,0
Poland,POL,2003,0
Poland,POL,2004,0
Poland,POL,2005,0
Poland,POL,2006,0
Poland,POL,2007,0
Poland,POL,2008,0
Poland,POL,2009,0
Poland,POL,2010,0
Poland,POL,2011,0
Poland,POL,2012,0
Poland,POL,2013,0
Poland,POL,2014,0
Poland,POL,2015,0
Poland,POL,2016,0
Poland,POL,2017,0
Poland,POL,2018,0
Poland,POL,2019,0
Poland,POL,2020,0
Poland,POL,2021,0
Portugal,PRT,2000,0
Portugal,PRT,2001,0
Portugal,PRT,2002,0
Portugal,PRT,2003,0
Portugal,PRT,2004,0
Portugal,PRT,2005,0
Portugal,PRT,2006,0
Portugal,PRT,2007,0
Portugal,PRT,2008,0
Portugal,PRT,2009,0
Portugal,PRT,2010,0
Portugal,PRT,2011,0
Portugal,PRT,2012,0
Portugal,PRT,2013,0
Portugal,PRT,2014,0
Portugal,PRT,2015,0
Portugal,PRT,2016,0
Portugal,PRT,2017,0
Portugal,PRT,2018,0
Portugal,PRT,2019,0
Portugal,PRT,2020,0
Portugal,PRT,2021,0
Qatar,QAT,2000,0.01
Qatar,QAT,2001,0.02
Qatar,QAT,2002,0.02
Qatar,QAT,2003,0.02
Qatar,QAT,2004,0.02
Qatar,QAT,2005,0.02
Qatar,QAT,2006,0.02
Qatar,QAT,2007,0.02
Qatar,QAT,2008,0.03
Qatar,QAT,2009,0.03
Qatar,QAT,2010,0.03
Qatar,QAT,2011,0.03
Qatar,QAT,2012,0.03
Qatar,QAT,2013,0.03
Qatar,QAT,2014,0.04
Qatar,QAT,2015,0.04
Qatar,QAT,2016,0.04
Qatar,QAT,2017,0.04
Qatar,QAT,2018,0.04
Qatar,QAT,2019,0.04
Qatar,QAT,2020,0.04
Qatar,QAT,2021,0.03
Romania,ROU,2000,0
Romania,ROU,2001,0
Romania,ROU,2002,0
Romania,ROU,2003,0
Romania,ROU,2004,0
Romania,ROU,2005,0
Romania,ROU,2006,0
Romania,ROU,2007,0
Romania,ROU,2008,0
Romania,ROU,2009,0
Romania,ROU,2010,0
Romania,ROU,2011,0
Romania,ROU,2012,0
Romania,ROU,2013,0
Romania,ROU,2014,0
Romania,ROU,2015,0
Romania,ROU,2016,0
Romania,ROU,2017,0
Romania,ROU,2018,0
Romania,ROU,2019,0
Romania,ROU,2020,0
Romania,ROU,2021,0
Russia,RUS,2000,0
Russia,RUS,2001,0
Russia,RUS,2002,0
Russia,RUS,2003,0
Russia,RUS,2004,0
Russia,RUS,2005,0
Russia,RUS,2006,0
Russia,RUS,2007,0
Russia,RUS,2008,0
Russia,RUS,2009,0
Russia,RUS,2010,0
Russia,RUS,2011,0
Russia,RUS,2012,0
Russia,RUS,2013,0
Russia,RUS,2014,0
Russia,RUS,2015,0
Russia,RUS,2016,0
Russia,RUS,2017,0
Russia,RUS,2018,0
Russia,RUS,2019,0
Russia,RUS,2020,0
Russia,RUS,2021,0
Rwanda,RWA,2000,0.03
Rwanda,RWA,2001,0.04
Rwanda,RWA,2002,0.04
Rwanda,RWA,2003,0.04
Rwanda,RWA,2004,0.05
Rwanda,RWA,2005,0.05
Rwanda,RWA,2006,0.05
Rwanda,RWA,2007,0.06
Rwanda,RWA,2008,0.06
Rwanda,RWA,2009,0.06
Rwanda,RWA,2010,0.07
Rwanda,RWA,2011,0.08
Rwanda,RWA,2012,0.08
Rwanda,RWA,2013,0.08
Rwanda,RWA,2014,0.08
Rwanda,RWA,2015,0.08
Rwanda,RWA,2016,0.09
Rwanda,RWA,2017,0.09
Rwanda,RWA,2018,0.09
Rwanda,RWA,2019,0.1
Rwanda,RWA,2020,0.1
Rwanda,RWA,2021,0.1
Saint Kitts and Nevis,KNA,2000,0
Saint Kitts and Nevis,KNA,2001,0.01
Saint Kitts and Nevis,KNA,2002,0.01
Saint Kitts and Nevis,KNA,2003,0.01
Saint Kitts and Nevis,KNA,2004,0.01
Saint Kitts and Nevis,KNA,2005,0.01
Saint Kitts and Nevis,KNA,2006,0.01
Saint Kitts and Nevis,KNA,2007,0.01
Saint Kitts and Nevis,KNA,2008,0.01
Saint Kitts and Nevis,KNA,2009,0.01
Saint Kitts and Nevis,KNA,2010,0.01
Saint Kitts and Nevis,KNA,2011,0.01
Saint Kitts and Nevis,KNA,2012,0.01
Saint Kitts and Nevis,KNA,2013,0.01
Saint Kitts and Nevis,KNA,2014,0.01
Saint Kitts and Nevis,KNA,2015,0.01
Saint Kitts and Nevis,KNA,2016,0.01
Saint Kitts and Nevis,KNA,2017,0.01
Saint Kitts and Nevis,KNA,2018,0.01
Saint Kitts and Nevis,KNA,2019,0.01
Saint Kitts and Nevis,KNA,2020,0
Saint Kitts and Nevis,KNA,2021,0
Saint Lucia,LCA,2000,0.07
Saint Lucia,LCA,2001,0.08
Saint Lucia,LCA,2002,0.07
Saint Lucia,LCA,2003,0.07
Saint Lucia,LCA,2004,0.07
Saint Lucia,LCA,2005,0.07
Saint Lucia,LCA,2006,0.08
Saint Lucia,LCA,2007,0.08
Saint Lucia,LCA,2008,0.08
Saint Lucia,LCA,2009,0.08
Saint Lucia,LCA,2010,0.09
Saint Lucia,LCA,2011,0.1
Saint Lucia,LCA,2012,0.12
Saint Lucia,LCA,2013,0.13
Saint Lucia,LCA,2014,0.12
Saint Lucia,LCA,2015,0.13
Saint Lucia,LCA,2016,0.11
Saint Lucia,LCA,2017,0.1
Saint Lucia,LCA,2018,0.09
Saint Lucia,LCA,2019,0.08
Saint Lucia,LCA,2020,0.08
Saint Lucia,LCA,2021,0.05
Saint Vincent and the Grenadines,VCT,2000,0
Saint Vincent and the Grenadines,VCT,2001,0
Saint Vincent and the Grenadines,VCT,2002,0
Saint Vincent and the Grenadines,VCT,2003,0
Saint Vincent and the Grenadines,VCT,2004,0
Saint Vincent and the Grenadines,VCT,2005,0
Saint Vincent and the Grenadines,VCT,2006,0
Saint Vincent and the Grenadines,VCT,2007,0
Saint Vincent and the Grenadines,VCT,2008,0
Saint Vincent and the Grenadines,VCT,2009,0
Saint Vincent and the Grenadines,VCT,2010,0
Saint Vincent and the Grenadines,VCT,2011,0.26
Saint Vincent and the Grenadines,VCT,2012,0.32
Saint Vincent and the Grenadines,VCT,2013,0.28
Saint Vincent and the Grenadines,VCT,2014,0
Saint Vincent and the Grenadines,VCT,2015,0
Saint Vincent and the Grenadines,VCT,2016,0
Saint Vincent and the Grenadines,VCT,2017,0
Saint Vincent and the Grenadines,VCT,2018,0
Saint Vincent and the Grenadines,VCT,2019,0
Saint Vincent and the Grenadines,VCT,2020,0
Saint Vincent and the Grenadines,VCT,2021,0
Samoa,WSM,2000,0.02
Samoa,WSM,2001,0.02
Samoa,WSM,2002,0.02
Samoa,WSM,2003,0.02
Samoa,WSM,2004,0.02
Samoa,WSM,2005,0.02
Samoa,WSM,2006,0.02
Samoa,WSM,2007,0.02
Samoa,WSM,2008,0.02
Samoa,WSM,2009,0.02
Samoa,WSM,2010,0.02
Samoa,WSM,2011,0.02
Samoa,WSM,2012,0.02
Samoa,WSM,2013,0.02
Samoa,WSM,2014,0.02
Samoa,WSM,2015,0.02
Samoa,WSM,2016,0.02
Samoa,WSM,2017,0.02
Samoa,WSM,2018,0.02
Samoa,WSM,2019,0.02
Samoa,WSM,2020,0.02
Samoa,WSM,2021,0.02
San Marino,SMR,2000,0
San Marino,SMR,2001,0
San Marino,SMR,2002,0
San Marino,SMR,2003,0
San Marino,SMR,2004,0
San Marino,SMR,2005,0
San Marino,SMR,2006,0
San Marino,SMR,2007,0
San Marino,SMR,2008,0
San Marino,SMR,2009,0
San Marino,SMR,2010,0
San Marino,SMR,2011,0
San Marino,SMR,2012,0
San Marino,SMR,2013,0
San Marino,SMR,2014,0
San Marino,SMR,2015,0
San Marino,SMR,2016,0
San Marino,SMR,2017,0
San Marino,SMR,2018,0
San Marino,SMR,2019,0
San Marino,SMR,2020,0
San Marino,SMR,2021,0
Sao Tome and Principe,STP,2000,0
Sao Tome and Principe,STP,2001,0
Sao Tome and Principe,STP,2002,0
Sao Tome and Principe,STP,2003,0
Sao Tome and Principe,STP,2004,0
Sao Tome and Principe,STP,2005,0
Sao Tome and Principe,STP,2006,0
Sao Tome and Principe,STP,2007,0
Sao Tome and Principe,STP,2008,0
Sao Tome and Principe,STP,2009,0
Sao Tome and Principe,STP,2010,0
Sao Tome and Principe,STP,2011,0
Sao Tome and Principe,STP,2012,0
Sao Tome and Principe,STP,2013,0
Sao Tome and Principe,STP,2014,0
Sao Tome and Principe,STP,2015,0
Sao Tome and Principe,STP,2016,0
Sao Tome and Principe,STP,2017,0
Sao Tome and Principe,STP,2018,0
Sao Tome and Principe,STP,2019,0
Sao Tome and Principe,STP,2020,0
Sao Tome and Principe,STP,2021,0
Saudi Arabia,SAU,2000,0.7
Saudi Arabia,SAU,2001,0.79
Saudi Arabia,SAU,2002,0.9
Saudi Arabia,SAU,2003,1.05
Saudi Arabia,SAU,2004,1.34
Saudi Arabia,SAU,2005,1.74
Saudi Arabia,SAU,2006,2.07
Saudi Arabia,SAU,2007,2.75
Saudi Arabia,SAU,2008,3.61
Saudi Arabia,SAU,2009,4.22
Saudi Arabia,SAU,2010,4.45
Saudi Arabia,SAU,2011,3.94
Saudi Arabia,SAU,2012,3.74
Saudi Arabia,SAU,2013,3.46
Saudi Arabia,SAU,2014,3.41
Saudi Arabia,SAU,2015,3.27
Saudi Arabia,SAU,2016,3.36
Saudi Arabia,SAU,2017,3.45
Saudi Arabia,SAU,2018,3.49
Saudi Arabia,SAU,2019,3.41
Saudi Arabia,SAU,2020,3.23
Saudi Arabia,SAU,2021,3.18
Senegal,SEN,2000,0.05
Senegal,SEN,2001,0.04
Senegal,SEN,2002,0.04
Senegal,SEN,2003,0.06
Senegal,SEN,2004,0.06
Senegal,SEN,2005,0.06
Senegal,SEN,2006,0.06
Senegal,SEN,2007,0.06
Senegal,SEN,2008,0.06
Senegal,SEN,2009,0.06
Senegal,SEN,2010,0.06
Senegal,SEN,2011,0.06
Senegal,SEN,2012,0.06
Senegal,SEN,2013,0.06
Senegal,SEN,2014,0.06
Senegal,SEN,2015,0.06
Senegal,SEN,2016,0.05
Senegal,SEN,2017,0.05
Senegal,SEN,2018,0.05
Senegal,SEN,2019,0.05
Senegal,SEN,2020,0.05
Senegal,SEN,2021,0.05
Serbia,SRB,2000,0
Serbia,SRB,2001,0
Serbia,SRB,2002,0
Serbia,SRB,2003,0
Serbia,SRB,2004,0
Serbia,SRB,2005,0
Serbia,SRB,2006,0
Serbia,SRB,2007,0
Serbia,SRB,2008,0
Serbia,SRB,2009,0
Serbia,SRB,2010,0
Serbia,SRB,2011,0
Serbia,SRB,2012,0
Serbia,SRB,2013,0
Serbia,SRB,2014,0
Serbia,SRB,2015,0
Serbia,SRB,2016,0
Serbia,SRB,2017,0
Serbia,SRB,2018,0
Serbia,SRB,2019,0
Serbia,SRB,2020,0
Serbia,SRB,2021,0
Seychelles,SYC,2000,0.11
Seychelles,SYC,2001,0.13
Seychelles,SYC,2002,0.11
Seychelles,SYC,2003,0.11
Seychelles,SYC,2004,0.12
Seychelles,SYC,2005,0.11
Seychelles,SYC,2006,0.11
Seychelles,SYC,2007,0.11
Seychelles,SYC,2008,0.12
Seychelles,SYC,2009,0.11
Seychelles,SYC,2010,0.11
Seychelles,SYC,2011,0.12
Seychelles,SYC,2012,0.11
Seychelles,SYC,2013,0.12
Seychelles,SYC,2014,0.12
Seychelles,SYC,2015,0.12
Seychelles,SYC,2016,0.12
Seychelles,SYC,2017,0.12
Seychelles,SYC,2018,0.13
Seychelles,SYC,2019,0.13
Seychelles,SYC,2020,0.16
Seychelles,SYC,2021,0.07
Sierra Leone,SLE,2000,0.02
Sierra Leone,SLE,2001,0.02
Sierra Leone,SLE,2002,0.02
Sierra Leone,SLE,2003,0.03
Sierra Leone,SLE,2004,0.03
Sierra Leone,SLE,2005,0.03
Sierra Leone,SLE,2006,0.03
Sierra Leone,SLE,2007,0.03
Sierra Leone,SLE,2008,0.03
Sierra Leone,SLE,2009,0.03
Sierra Leone,SLE,2010,0.03
Sierra Leone,SLE,2011,0.03
Sierra Leone,SLE,2012,0.03
Sierra Leone,SLE,2013,0.03
Sierra Leone,SLE,2014,0.03
Sierra Leone,SLE,2015,0.04
Sierra Leone,SLE,2016,0.04
Sierra Leone,SLE,2017,0.04
Sierra Leone,SLE,2018,0.04
Sierra Leone,SLE,2019,0.04
Sierra Leone,SLE,2020,0.04
Sierra Leone,SLE,2021,0.05
Singapore,SGP,2000,0
Singapore,SGP,2001,0
Singapore,SGP,2002,0
Singapore,SGP,2003,0
Singapore,SGP,2004,1.19
Singapore,SGP,2005,3.61
Singapore,SGP,2006,2.01
Singapore,SGP,2007,4.05
Singapore,SGP,2008,1.32
Singapore,SGP,2009,0
Singapore,SGP,2010,2.24
Singapore,SGP,2011,0
Singapore,SGP,2012,3.23
Singapore,SGP,2013,10.01
Singapore,SGP,2014,5.96
Singapore,SGP,2015,2.49
Singapore,SGP,2016,0
Singapore,SGP,2017,0
Singapore,SGP,2018,0
Singapore,SGP,2019,0
Singapore,SGP,2020,44.71
Singapore,SGP,2021,0
Slovakia,SVK,2000,0
Slovakia,SVK,2001,0
Slovakia,SVK,2002,0
Slovakia,SVK,2003,0
Slovakia,SVK,2004,0
Slovakia,SVK,2005,0
Slovakia,SVK,2006,0
Slovakia,SVK,2007,0
Slovakia,SVK,2008,0
Slovakia,SVK,2009,0
Slovakia,SVK,2010,0
Slovakia,SVK,2011,0
Slovakia,SVK,2012,0
Slovakia,SVK,2013,0
Slovakia,SVK,2014,0
Slovakia,SVK,2015,0
Slovakia,SVK,2016,0
Slovakia,SVK,2017,0
Slovakia,SVK,2018,0
Slovakia,SVK,2019,0
Slovakia,SVK,2020,0
Slovakia,SVK,2021,0
Slovenia,SVN,2000,0
Slovenia,SVN,2001,0
Slovenia,SVN,2002,0
Slovenia,SVN,2003,0
Slovenia,SVN,2004,0
Slovenia,SVN,2005,0
Slovenia,SVN,2006,0
Slovenia,SVN,2007,0
Slovenia,SVN,2008,0
Slovenia,SVN,2009,0
Slovenia,SVN,2010,0
Slovenia,SVN,2011,0
Slovenia,SVN,2012,0
Slovenia,SVN,2013,0
Slovenia,SVN,2014,0
Slovenia,SVN,2015,0
Slovenia,SVN,2016,0
Slovenia,SVN,2017,0
Slovenia,SVN,2018,0
Slovenia,SVN,2019,0
Slovenia,SVN,2020,0
Slovenia,SVN,2021,0
Solomon Islands,SLB,2000,0.05
Solomon Islands,SLB,2001,0.05
Solomon Islands,SLB,2002,0.05
Solomon Islands,SLB,2003,0.05
Solomon Islands,SLB,2004,0.05
Solomon Islands,SLB,2005,0.05
Solomon Islands,SLB,2006,0.05
Solomon Islands,SLB,2007,0.06
Solomon Islands,SLB,2008,0.06
Solomon Islands,SLB,2009,0.07
Solomon Islands,SLB,2010,0.07
Solomon Islands,SLB,2011,0.07
Solomon Islands,SLB,2012,0.07
Solomon Islands,SLB,2013,6
Solomon Islands,SLB,2014,0.07
Solomon Islands,SLB,2015,0.07
Solomon Islands,SLB,2016,0.07
Solomon Islands,SLB,2017,0.07
Solomon Islands,SLB,2018,0.08
Solomon Islands,SLB,2019,0.08
Solomon Islands,SLB,2020,0.08
Solomon Islands,SLB,2021,0.08
Somalia,SOM,2000,0.03
Somalia,SOM,2001,0.03
Somalia,SOM,2002,0.03
Somalia,SOM,2003,0.04
Somalia,SOM,2004,0.04
Somalia,SOM,2005,0.05
Somalia,SOM,2006,0.06
Somalia,SOM,2007,0.06
Somalia,SOM,2008,0.07
Somalia,SOM,2009,0.07
Somalia,SOM,2010,0.06
Somalia,SOM,2011,0.04
Somalia,SOM,2012,0.06
Somalia,SOM,2013,0.08
Somalia,SOM,2014,0.1
Somalia,SOM,2015,0.11
Somalia,SOM,2016,0.11
Somalia,SOM,2017,0.11
Somalia,SOM,2018,0.12
Somalia,SOM,2019,0.12
Somalia,SOM,2020,0.13
Somalia,SOM,2021,0.13
South Africa,ZAF,2000,0
South Africa,ZAF,2001,0
South Africa,ZAF,2002,0
South Africa,ZAF,2003,0
South Africa,ZAF,2004,0
South Africa,ZAF,2005,0
South Africa,ZAF,2006,0
South Africa,ZAF,2007,0
South Africa,ZAF,2008,0
South Africa,ZAF,2009,0
South Africa,ZAF,2010,0
South Africa,ZAF,2011,0
South Africa,ZAF,2012,0
South Africa,ZAF,2013,0
South Africa,ZAF,2014,0
South Africa,ZAF,2015,0
South Africa,ZAF,2016,0
South Africa,ZAF,2017,0
South Africa,ZAF,2018,0
South Africa,ZAF,2019,0
South Africa,ZAF,2020,0
South Africa,ZAF,2021,0
South America,,2000,180.57
South America,,2001,283.15
South America,,2002,412.82
South America,,2003,280.9
South America,,2004,187.78
South America,,2005,282.21
South America,,2006,336.07
South America,,2007,575.32
South America,,2008,762.24
South America,,2009,610
South America,,2010,1150.9401
South America,,2011,1013.85
South America,,2012,758.98
South America,,2013,1404.84
South America,,2014,771.4
South America,,2015,1380.5599
South America,,2016,152.95999
South America,,2017,136.91
South America,,2018,124.56
South America,,2019,115.9
South America,,2020,106.229996
South America,,2021,96.21001
South Korea,KOR,2000,0
South Korea,KOR,2001,0
South Korea,KOR,2002,0
South Korea,KOR,2003,0
South Korea,KOR,2004,0
South Korea,KOR,2005,0
South Korea,KOR,2006,0
South Korea,KOR,2007,0
South Korea,KOR,2008,0
South Korea,KOR,2009,0
South Korea,KOR,2010,0
South Korea,KOR,2011,0
South Korea,KOR,2012,0
South Korea,KOR,2013,0
South Korea,KOR,2014,0
South Korea,KOR,2015,0
South Korea,KOR,2016,0
South Korea,KOR,2017,0
South Korea,KOR,2018,0
South Korea,KOR,2019,0
South Korea,KOR,2020,0
South Korea,KOR,2021,0
South Sudan,SSD,2000,0.01
South Sudan,SSD,2001,0.01
South Sudan,SSD,2002,0.01
South Sudan,SSD,2003,0.02
South Sudan,SSD,2004,0.02
South Sudan,SSD,2005,0.02
South Sudan,SSD,2006,0.02
South Sudan,SSD,2007,0.02
South Sudan,SSD,2008,0.03
South Sudan,SSD,2009,0.03
South Sudan,SSD,2010,0.03
South Sudan,SSD,2011,0.03
South Sudan,SSD,2012,0.03
South Sudan,SSD,2013,0.04
South Sudan,SSD,2014,0.04
South Sudan,SSD,2015,0.04
South Sudan,SSD,2016,0.04
South Sudan,SSD,2017,0.05
South Sudan,SSD,2018,0.05
South Sudan,SSD,2019,0.05
South Sudan,SSD,2020,0.06
South Sudan,SSD,2021,0.06
Spain,ESP,2000,0
Spain,ESP,2001,0
Spain,ESP,2002,0
Spain,ESP,2003,0
Spain,ESP,2004,0
Spain,ESP,2005,0
Spain,ESP,2006,0
Spain,ESP,2007,0
Spain,ESP,2008,0
Spain,ESP,2009,0
Spain,ESP,2010,0
Spain,ESP,2011,0
Spain,ESP,2012,0
Spain,ESP,2013,0
Spain,ESP,2014,0
Spain,ESP,2015,0
Spain,ESP,2016,0
Spain,ESP,2017,0
Spain,ESP,2018,0
Spain,ESP,2019,0
Spain,ESP,2020,0
Spain,ESP,2021,0
Sri Lanka,LKA,2000,118.25
Sri Lanka,LKA,2001,112.97
Sri Lanka,LKA,2002,115.28
Sri Lanka,LKA,2003,118.37
Sri Lanka,LKA,2004,212.06
Sri Lanka,LKA,2005,118.66
Sri Lanka,LKA,2006,133.29
Sri Lanka,LKA,2007,142.79
Sri Lanka,LKA,2008,152.24
Sri Lanka,LKA,2009,552.48
Sri Lanka,LKA,2010,172.19
Sri Lanka,LKA,2011,314.82
Sri Lanka,LKA,2012,188.9
Sri Lanka,LKA,2013,173.65
Sri Lanka,LKA,2014,159.81
Sri Lanka,LKA,2015,153.3
Sri Lanka,LKA,2016,148.45
Sri Lanka,LKA,2017,356.55
Sri Lanka,LKA,2018,142.87
Sri Lanka,LKA,2019,161.62
Sri Lanka,LKA,2020,116.74
Sri Lanka,LKA,2021,128.43
Sudan,SDN,2000,0.08
Sudan,SDN,2001,0.08
Sudan,SDN,2002,0.08
Sudan,SDN,2003,0.08
Sudan,SDN,2004,0.09
Sudan,SDN,2005,0.08
Sudan,SDN,2006,0.08
Sudan,SDN,2007,0.08
Sudan,SDN,2008,0.09
Sudan,SDN,2009,0.09
Sudan,SDN,2010,0.09
Sudan,SDN,2011,0.1
Sudan,SDN,2012,0.09
Sudan,SDN,2013,0.1
Sudan,SDN,2014,0.1
Sudan,SDN,2015,0.1
Sudan,SDN,2016,0.11
Sudan,SDN,2017,0.11
Sudan,SDN,2018,0.12
Sudan,SDN,2019,0.13
Sudan,SDN,2020,0.14
Sudan,SDN,2021,0.14
Suriname,SUR,2000,1.49
Suriname,SUR,2001,1.57
Suriname,SUR,2002,1.57
Suriname,SUR,2003,1.53
Suriname,SUR,2004,1.41
Suriname,SUR,2005,1.54
Suriname,SUR,2006,1.36
Suriname,SUR,2007,1.29
Suriname,SUR,2008,1.51
Suriname,SUR,2009,1.49
Suriname,SUR,2010,1.53
Suriname,SUR,2011,1.52
Suriname,SUR,2012,1.5
Suriname,SUR,2013,1.37
Suriname,SUR,2014,0.87
Suriname,SUR,2015,0.91
Suriname,SUR,2016,0.86
Suriname,SUR,2017,0.81
Suriname,SUR,2018,0.8
Suriname,SUR,2019,0.79
Suriname,SUR,2020,0.81
Suriname,SUR,2021,0.67
Sweden,SWE,2000,0
Sweden,SWE,2001,0
Sweden,SWE,2002,0
Sweden,SWE,2003,0
Sweden,SWE,2004,0
Sweden,SWE,2005,0
Sweden,SWE,2006,0
Sweden,SWE,2007,1.03
Sweden,SWE,2008,0
Sweden,SWE,2009,0
Sweden,SWE,2010,0
Sweden,SWE,2011,0
Sweden,SWE,2012,0
Sweden,SWE,2013,0
Sweden,SWE,2014,0
Sweden,SWE,2015,1.02
Sweden,SWE,2016,0
Sweden,SWE,2017,0
Sweden,SWE,2018,0
Sweden,SWE,2019,0
Sweden,SWE,2020,0
Sweden,SWE,2021,0
Switzerland,CHE,2000,0
Switzerland,CHE,2001,0
Switzerland,CHE,2002,0
Switzerland,CHE,2003,0
Switzerland,CHE,2004,0
Switzerland,CHE,2005,0
Switzerland,CHE,2006,0
Switzerland,CHE,2007,0
Switzerland,CHE,2008,0
Switzerland,CHE,2009,0
Switzerland,CHE,2010,0
Switzerland,CHE,2011,0
Switzerland,CHE,2012,0
Switzerland,CHE,2013,0
Switzerland,CHE,2014,0
Switzerland,CHE,2015,0
Switzerland,CHE,2016,0
Switzerland,CHE,2017,0
Switzerland,CHE,2018,0
Switzerland,CHE,2019,0
Switzerland,CHE,2020,0
Switzerland,CHE,2021,0
Syria,SYR,2000,0.05
Syria,SYR,2001,0.05
Syria,SYR,2002,0.05
Syria,SYR,2003,0.05
Syria,SYR,2004,0.05
Syria,SYR,2005,0.05
Syria,SYR,2006,0.05
Syria,SYR,2007,0.06
Syria,SYR,2008,0.06
Syria,SYR,2009,0.06
Syria,SYR,2010,0.07
Syria,SYR,2011,0.07
Syria,SYR,2012,0.07
Syria,SYR,2013,0.07
Syria,SYR,2014,0.07
Syria,SYR,2015,0.07
Syria,SYR,2016,0.07
Syria,SYR,2017,0.07
Syria,SYR,2018,0.08
Syria,SYR,2019,0.08
Syria,SYR,2020,0.08
Syria,SYR,2021,0.08
Tajikistan,TJK,2000,0
Tajikistan,TJK,2001,0
Tajikistan,TJK,2002,0
Tajikistan,TJK,2003,0
Tajikistan,TJK,2004,0
Tajikistan,TJK,2005,0
Tajikistan,TJK,2006,0
Tajikistan,TJK,2007,0
Tajikistan,TJK,2008,0
Tajikistan,TJK,2009,0
Tajikistan,TJK,2010,0
Tajikistan,TJK,2011,0
Tajikistan,TJK,2012,0
Tajikistan,TJK,2013,0
Tajikistan,TJK,2014,0
Tajikistan,TJK,2015,0
Tajikistan,TJK,2016,0
Tajikistan,TJK,2017,0
Tajikistan,TJK,2018,0
Tajikistan,TJK,2019,0
Tajikistan,TJK,2020,0
Tajikistan,TJK,2021,0
Tanzania,TZA,2000,0.09
Tanzania,TZA,2001,0.08
Tanzania,TZA,2002,0.09
Tanzania,TZA,2003,0.1
Tanzania,TZA,2004,0.12
Tanzania,TZA,2005,0.13
Tanzania,TZA,2006,0.13
Tanzania,TZA,2007,0.14
Tanzania,TZA,2008,0.16
Tanzania,TZA,2009,0.17
Tanzania,TZA,2010,0.18
Tanzania,TZA,2011,0.2
Tanzania,TZA,2012,0.19
Tanzania,TZA,2013,0.23
Tanzania,TZA,2014,0.25
Tanzania,TZA,2015,0.27
Tanzania,TZA,2016,0.29
Tanzania,TZA,2017,0.3
Tanzania,TZA,2018,0.34
Tanzania,TZA,2019,0.37
Tanzania,TZA,2020,0.39
Tanzania,TZA,2021,0.4
Thailand,THA,2000,236.95
Thailand,THA,2001,217.08
Thailand,THA,2002,223.14
Thailand,THA,2003,205.11
Thailand,THA,2004,203.28
Thailand,THA,2005,181.36
Thailand,THA,2006,186.19
Thailand,THA,2007,186.2
Thailand,THA,2008,187.65
Thailand,THA,2009,189.58
Thailand,THA,2010,199.34
Thailand,THA,2011,237.66
Thailand,THA,2012,226.23
Thailand,THA,2013,225.38
Thailand,THA,2014,231.41
Thailand,THA,2015,221.65
Thailand,THA,2016,200.75
Thailand,THA,2017,184.02
Thailand,THA,2018,254.88
Thailand,THA,2019,174.33
Thailand,THA,2020,201.53
Thailand,THA,2021,202.86
Togo,TGO,2000,0.02
Togo,TGO,2001,0.03
Togo,TGO,2002,0.03
Togo,TGO,2003,0.03
Togo,TGO,2004,0.02
Togo,TGO,2005,0.02
Togo,TGO,2006,0.03
Togo,TGO,2007,0.03
Togo,TGO,2008,0.03
Togo,TGO,2009,0.03
Togo,TGO,2010,0.03
Togo,TGO,2011,0.03
Togo,TGO,2012,0.03
Togo,TGO,2013,0.04
Togo,TGO,2014,0.04
Togo,TGO,2015,0.04
Togo,TGO,2016,0.04
Togo,TGO,2017,0.04
Togo,TGO,2018,0.04
Togo,TGO,2019,0.04
Togo,TGO,2020,0.05
Togo,TGO,2021,0.04
Tonga,TON,2000,1.03
Tonga,TON,2001,1.04
Tonga,TON,2002,1.1
Tonga,TON,2003,1.15
Tonga,TON,2004,1.17
Tonga,TON,2005,1.13
Tonga,TON,2006,1.2
Tonga,TON,2007,1.16
Tonga,TON,2008,1.56
Tonga,TON,2009,1.4
Tonga,TON,2010,1.04
Tonga,TON,2011,0.94
Tonga,TON,2012,0.97
Tonga,TON,2013,0.96
Tonga,TON,2014,0.95
Tonga,TON,2015,0.94
Tonga,TON,2016,0.91
Tonga,TON,2017,0.93
Tonga,TON,2018,0.91
Tonga,TON,2019,0.92
Tonga,TON,2020,0.95
Tonga,TON,2021,0.94
Trinidad and Tobago,TTO,2000,3.65
Trinidad and Tobago,TTO,2001,3.97
Trinidad and Tobago,TTO,2002,5.13
Trinidad and Tobago,TTO,2003,3.53
Trinidad and Tobago,TTO,2004,3.27
Trinidad and Tobago,TTO,2005,3.13
Trinidad and Tobago,TTO,2006,3.33
Trinidad and Tobago,TTO,2007,3.98
Trinidad and Tobago,TTO,2008,5.17
Trinidad and Tobago,TTO,2009,5.76
Trinidad and Tobago,TTO,2010,6.32
Trinidad and Tobago,TTO,2011,6.67
Trinidad and Tobago,TTO,2012,6.12
Trinidad and Tobago,TTO,2013,6.47
Trinidad and Tobago,TTO,2014,6.23
Trinidad and Tobago,TTO,2015,6.03
Trinidad and Tobago,TTO,2016,6.16
Trinidad and Tobago,TTO,2017,5.95
Trinidad and Tobago,TTO,2018,5.7
Trinidad and Tobago,TTO,2019,5.57
Trinidad and Tobago,TTO,2020,5.44
Trinidad and Tobago,TTO,2021,5.19
Tunisia,TUN,2000,0
Tunisia,TUN,2001,0
Tunisia,TUN,2002,0
Tunisia,TUN,2003,0
Tunisia,TUN,2004,0
Tunisia,TUN,2005,0
Tunisia,TUN,2006,0
Tunisia,TUN,2007,0
Tunisia,TUN,2008,0
Tunisia,TUN,2009,0
Tunisia,TUN,2010,0
Tunisia,TUN,2011,0
Tunisia,TUN,2012,0
Tunisia,TUN,2013,0
Tunisia,TUN,2014,0
Tunisia,TUN,2015,0
Tunisia,TUN,2016,0
Tunisia,TUN,2017,0
Tunisia,TUN,2018,0
Tunisia,TUN,2019,0
Tunisia,TUN,2020,0
Tunisia,TUN,2021,0
Turkey,TUR,2000,0
Turkey,TUR,2001,0
Turkey,TUR,2002,0
Turkey,TUR,2003,0
Turkey,TUR,2004,0
Turkey,TUR,2005,0
Turkey,TUR,2006,0
Turkey,TUR,2007,0
Turkey,TUR,2008,0
Turkey,TUR,2009,0
Turkey,TUR,2010,0
Turkey,TUR,2011,0
Turkey,TUR,2012,0
Turkey,TUR,2013,0
Turkey,TUR,2014,0
Turkey,TUR,2015,0
Turkey,TUR,2016,0
Turkey,TUR,2017,0
Turkey,TUR,2018,0
Turkey,TUR,2019,0
Turkey,TUR,2020,0
Turkey,TUR,2021,0
Turkmenistan,TKM,2000,0
Turkmenistan,TKM,2001,0
Turkmenistan,TKM,2002,0
Turkmenistan,TKM,2003,0
Turkmenistan,TKM,2004,0
Turkmenistan,TKM,2005,0
Turkmenistan,TKM,2006,0
Turkmenistan,TKM,2007,0
Turkmenistan,TKM,2008,0
Turkmenistan,TKM,2009,0
Turkmenistan,TKM,2010,0
Turkmenistan,TKM,2011,0
Turkmenistan,TKM,2012,0
Turkmenistan,TKM,2013,0
Turkmenistan,TKM,2014,0
Turkmenistan,TKM,2015,0
Turkmenistan,TKM,2016,0
Turkmenistan,TKM,2017,0
Turkmenistan,TKM,2018,0
Turkmenistan,TKM,2019,0
Turkmenistan,TKM,2020,0
Turkmenistan,TKM,2021,0
Tuvalu,TUV,2000,0
Tuvalu,TUV,2001,0
Tuvalu,TUV,2002,0
Tuvalu,TUV,2003,0
Tuvalu,TUV,2004,0
Tuvalu,TUV,2005,0
Tuvalu,TUV,2006,0
Tuvalu,TUV,2007,0
Tuvalu,TUV,2008,0
Tuvalu,TUV,2009,0
Tuvalu,TUV,2010,0
Tuvalu,TUV,2011,0
Tuvalu,TUV,2012,0
Tuvalu,TUV,2013,0
Tuvalu,TUV,2014,0
Tuvalu,TUV,2015,0
Tuvalu,TUV,2016,0
Tuvalu,TUV,2017,0
Tuvalu,TUV,2018,0
Tuvalu,TUV,2019,0
Tuvalu,TUV,2020,0
Tuvalu,TUV,2021,0
Uganda,UGA,2000,0.06
Uganda,UGA,2001,0.06
Uganda,UGA,2002,0.06
Uganda,UGA,2003,0.07
Uganda,UGA,2004,0.09
Uganda,UGA,2005,0.09
Uganda,UGA,2006,0.1
Uganda,UGA,2007,0.1
Uganda,UGA,2008,0.11
Uganda,UGA,2009,0.12
Uganda,UGA,2010,0.13
Uganda,UGA,2011,0.14
Uganda,UGA,2012,0.16
Uganda,UGA,2013,0.17
Uganda,UGA,2014,0.18
Uganda,UGA,2015,0.19
Uganda,UGA,2016,0.2
Uganda,UGA,2017,0.2
Uganda,UGA,2018,0.2
Uganda,UGA,2019,0.23
Uganda,UGA,2020,0.24
Uganda,UGA,2021,0.25
Ukraine,UKR,2000,0
Ukraine,UKR,2001,0
Ukraine,UKR,2002,0
Ukraine,UKR,2003,0
Ukraine,UKR,2004,0
Ukraine,UKR,2005,0
Ukraine,UKR,2006,0
Ukraine,UKR,2007,0
Ukraine,UKR,2008,0
Ukraine,UKR,2009,0
Ukraine,UKR,2010,0
Ukraine,UKR,2011,0
Ukraine,UKR,2012,0
Ukraine,UKR,2013,0
Ukraine,UKR,2014,0
Ukraine,UKR,2015,0
Ukraine,UKR,2016,0
Ukraine,UKR,2017,0
Ukraine,UKR,2018,0
Ukraine,UKR,2019,0
Ukraine,UKR,2020,0
Ukraine,UKR,2021,0
United Arab Emirates,ARE,2000,0
United Arab Emirates,ARE,2001,0
United Arab Emirates,ARE,2002,0
United Arab Emirates,ARE,2003,0
United Arab Emirates,ARE,2004,0
United Arab Emirates,ARE,2005,0
United Arab Emirates,ARE,2006,0
United Arab Emirates,ARE,2007,0
United Arab Emirates,ARE,2008,0
United Arab Emirates,ARE,2009,0
United Arab Emirates,ARE,2010,0
United Arab Emirates,ARE,2011,0
United Arab Emirates,ARE,2012,0
United Arab Emirates,ARE,2013,0
United Arab Emirates,ARE,2014,0
United Arab Emirates,ARE,2015,0
United Arab Emirates,ARE,2016,0
United Arab Emirates,ARE,2017,0
United Arab Emirates,ARE,2018,0
United Arab Emirates,ARE,2019,0
United Arab Emirates,ARE,2020,0
United Arab Emirates,ARE,2021,0
United Kingdom,GBR,2000,0
United Kingdom,GBR,2001,0
United Kingdom,GBR,2002,0
United Kingdom,GBR,2003,0
United Kingdom,GBR,2004,0
United Kingdom,GBR,2005,0
United Kingdom,GBR,2006,0
United Kingdom,GBR,2007,0
United Kingdom,GBR,2008,0
United Kingdom,GBR,2009,0
United Kingdom,GBR,2010,0
United Kingdom,GBR,2011,0
United Kingdom,GBR,2012,1.02
United Kingdom,GBR,2013,0
United Kingdom,GBR,2014,1
United Kingdom,GBR,2015,0
United Kingdom,GBR,2016,0
United Kingdom,GBR,2017,0
United Kingdom,GBR,2018,0
United Kingdom,GBR,2019,0
United Kingdom,GBR,2020,0
United Kingdom,GBR,2021,0
United States,USA,2000,1.16
United States,USA,2001,2.21
United States,USA,2002,2.25
United States,USA,2003,0.16
United States,USA,2004,0.15
United States,USA,2005,2.27
United States,USA,2006,0.18
United States,USA,2007,0.19
United States,USA,2008,0.2
United States,USA,2009,1.21
United States,USA,2010,3.27
United States,USA,2011,0.22
United States,USA,2012,2.32
United States,USA,2013,3.34
United States,USA,2014,2.35
United States,USA,2015,0.34
United States,USA,2016,0.36
United States,USA,2017,0.34
United States,USA,2018,0.32
United States,USA,2019,0.3
United States,USA,2020,0.22
United States,USA,2021,0.23
Uruguay,URY,2000,0
Uruguay,URY,2001,0
Uruguay,URY,2002,0
Uruguay,URY,2003,0
Uruguay,URY,2004,0
Uruguay,URY,2005,0
Uruguay,URY,2006,0
Uruguay,URY,2007,1.11
Uruguay,URY,2008,0
Uruguay,URY,2009,0
Uruguay,URY,2010,0
Uruguay,URY,2011,0
Uruguay,URY,2012,0
Uruguay,URY,2013,0
Uruguay,URY,2014,0
Uruguay,URY,2015,0
Uruguay,URY,2016,0
Uruguay,URY,2017,0
Uruguay,URY,2018,0
Uruguay,URY,2019,0
Uruguay,URY,2020,0
Uruguay,URY,2021,0
Uzbekistan,UZB,2000,0
Uzbekistan,UZB,2001,0
Uzbekistan,UZB,2002,0
Uzbekistan,UZB,2003,0
Uzbekistan,UZB,2004,0
Uzbekistan,UZB,2005,0
Uzbekistan,UZB,2006,0
Uzbekistan,UZB,2007,0
Uzbekistan,UZB,2008,0
Uzbekistan,UZB,2009,0
Uzbekistan,UZB,2010,0
Uzbekistan,UZB,2011,0
Uzbekistan,UZB,2012,0
Uzbekistan,UZB,2013,0
Uzbekistan,UZB,2014,0
Uzbekistan,UZB,2015,0
Uzbekistan,UZB,2016,0
Uzbekistan,UZB,2017,0
Uzbekistan,UZB,2018,0
Uzbekistan,UZB,2019,0
Uzbekistan,UZB,2020,0
Uzbekistan,UZB,2021,0
Vanuatu,VUT,2000,0.02
Vanuatu,VUT,2001,0.02
Vanuatu,VUT,2002,0.02
Vanuatu,VUT,2003,0.02
Vanuatu,VUT,2004,0.02
Vanuatu,VUT,2005,0.02
Vanuatu,VUT,2006,0.02
Vanuatu,VUT,2007,0.02
Vanuatu,VUT,2008,0.02
Vanuatu,VUT,2009,0.02
Vanuatu,VUT,2010,0.02
Vanuatu,VUT,2011,0.02
Vanuatu,VUT,2012,0.02
Vanuatu,VUT,2013,0.02
Vanuatu,VUT,2014,0.02
Vanuatu,VUT,2015,0.03
Vanuatu,VUT,2016,0.03
Vanuatu,VUT,2017,0.03
Vanuatu,VUT,2018,0.03
Vanuatu,VUT,2019,0.03
Vanuatu,VUT,2020,0.03
Vanuatu,VUT,2021,0.03
Venezuela,VEN,2000,36.12
Venezuela,VEN,2001,39.83
Venezuela,VEN,2002,39.45
Venezuela,VEN,2003,39.7
Venezuela,VEN,2004,39.71
Venezuela,VEN,2005,41.61
Venezuela,VEN,2006,44.42
Venezuela,VEN,2007,48.16
Venezuela,VEN,2008,50.12
Venezuela,VEN,2009,53.17
Venezuela,VEN,2010,57.89
Venezuela,VEN,2011,58.06
Venezuela,VEN,2012,58.17
Venezuela,VEN,2013,59.27
Venezuela,VEN,2014,63.97
Venezuela,VEN,2015,65.59
Venezuela,VEN,2016,96.02
Venezuela,VEN,2017,85.98
Venezuela,VEN,2018,79.11
Venezuela,VEN,2019,72.61
Venezuela,VEN,2020,68.35
Venezuela,VEN,2021,67.66
Vietnam,VNM,2000,66.22
Vietnam,VNM,2001,62.4
Vietnam,VNM,2002,58.64
Vietnam,VNM,2003,57.67
Vietnam,VNM,2004,56.33
Vietnam,VNM,2005,55.64
Vietnam,VNM,2006,56.73
Vietnam,VNM,2007,79.95
Vietnam,VNM,2008,61.3
Vietnam,VNM,2009,62.37
Vietnam,VNM,2010,65.75
Vietnam,VNM,2011,67.53
Vietnam,VNM,2012,70.13
Vietnam,VNM,2013,69.56
Vietnam,VNM,2014,72.19
Vietnam,VNM,2015,75.17
Vietnam,VNM,2016,99.36
Vietnam,VNM,2017,103.7
Vietnam,VNM,2018,80.2
Vietnam,VNM,2019,82.22
Vietnam,VNM,2020,88.11
Vietnam,VNM,2021,96.57
World,OWID_WRL,2000,17693.91
World,OWID_WRL,2001,18457.34
World,OWID_WRL,2002,19344.969
World,OWID_WRL,2003,19448.842
World,OWID_WRL,2004,20042.818
World,OWID_WRL,2005,20000.49
World,OWID_WRL,2006,20059.48
World,OWID_WRL,2007,22777.32
World,OWID_WRL,2008,22640.53
World,OWID_WRL,2009,23217.16
World,OWID_WRL,2010,24824.08
World,OWID_WRL,2011,25166.61
World,OWID_WRL,2012,26976.242
World,OWID_WRL,2013,28131.541
World,OWID_WRL,2014,27626.15
World,OWID_WRL,2015,28669.91
World,OWID_WRL,2016,27236.69
World,OWID_WRL,2017,28115.762
World,OWID_WRL,2018,27221.762
World,OWID_WRL,2019,26231.951
World,OWID_WRL,2020,25634.889
World,OWID_WRL,2021,24048.22
Yemen,YEM,2000,0.08
Yemen,YEM,2001,0.08
Yemen,YEM,2002,0.08
Yemen,YEM,2003,0.08
Yemen,YEM,2004,0.07
Yemen,YEM,2005,0.08
Yemen,YEM,2006,0.08
Yemen,YEM,2007,0.08
Yemen,YEM,2008,0.08
Yemen,YEM,2009,0.09
Yemen,YEM,2010,0.09
Yemen,YEM,2011,0.09
Yemen,YEM,2012,0.09
Yemen,YEM,2013,0.09
Yemen,YEM,2014,0.1
Yemen,YEM,2015,0.1
Yemen,YEM,2016,0.11
Yemen,YEM,2017,0.11
Yemen,YEM,2018,0.11
Yemen,YEM,2019,375.54
Yemen,YEM,2020,0.12
Yemen,YEM,2021,0.12
Zambia,ZMB,2000,0.02
Zambia,ZMB,2001,0.02
Zambia,ZMB,2002,0.02
Zambia,ZMB,2003,0.02
Zambia,ZMB,2004,0.03
Zambia,ZMB,2005,0.03
Zambia,ZMB,2006,0.03
Zambia,ZMB,2007,0.04
Zambia,ZMB,2008,0.04
Zambia,ZMB,2009,0.04
Zambia,ZMB,2010,0.04
Zambia,ZMB,2011,0.05
Zambia,ZMB,2012,0.06
Zambia,ZMB,2013,0.06
Zambia,ZMB,2014,0.07
Zambia,ZMB,2015,0.07
Zambia,ZMB,2016,0.08
Zambia,ZMB,2017,0.08
Zambia,ZMB,2018,0.08
Zambia,ZMB,2019,0.09
Zambia,ZMB,2020,0.1
Zambia,ZMB,2021,0.11
Zimbabwe,ZWE,2000,0.01
Zimbabwe,ZWE,2001,0.01
Zimbabwe,ZWE,2002,0.01
Zimbabwe,ZWE,2003,0.01
Zimbabwe,ZWE,2004,0.01
Zimbabwe,ZWE,2005,0.01
Zimbabwe,ZWE,2006,0.01
Zimbabwe,ZWE,2007,0.01
Zimbabwe,ZWE,2008,0.01
Zimbabwe,ZWE,2009,0.01
Zimbabwe,ZWE,2010,0.01
Zimbabwe,ZWE,2011,0.01
Zimbabwe,ZWE,2012,0.01
Zimbabwe,ZWE,2013,0.01
Zimbabwe,ZWE,2014,0.01
Zimbabwe,ZWE,2015,0.01
Zimbabwe,ZWE,2016,0.01
Zimbabwe,ZWE,2017,0.01
Zimbabwe,ZWE,2018,0.02
Zimbabwe,ZWE,2019,0.02
Zimbabwe,ZWE,2020,0.02
Zimbabwe,ZWE,2021,0.02