{
  "chart": {
    "title": "Dengue fever deaths",
    "subtitle": "Estimated annual number of deaths from [dengue fever](#dod:dengue). Dengue is a debilitating disease of joint pain that is caused by the dengue virus and spread by bites from infected mosquitoes.",
    "citation": "World Health Organization (2024)",
    "originalChartUrl": "https://ourworldindata.org/grapher/dengue-fever-deaths?v=1&csvType=full&useColumnShortNames=false",
    "selection": [
      "Africa",
      "Europe",
      "Oceania",
      "North America",
      "South America",
      "Asia"
    ]
  },
  "columns": {
    "Total deaths from dengue among both sexes": {
      "titleShort": "Total deaths from dengue among both sexes",
      "titleLong": "Total deaths from dengue among both sexes",
      "descriptionShort": "Estimated number of deaths from dengue in both sexes.",
      "descriptionKey": [],
      "shortUnit": "",
      "unit": "deaths",
      "timespan": "2000-2021",
      "type": "Numeric",
      "owidVariableId": 969656,
      "shortName": "death_count__age_group_allages__sex_both_sexes__cause_dengue",
      "lastUpdated": "2024-07-30",
      "citationShort": "World Health Organization (2024) – with major processing by Our World in Data",
      "citationLong": "World Health Organization (2024) – with major processing by Our World in Data. “Total deaths from dengue among both sexes” [dataset]. World Health Organization, “Global Health Estimates” [original data].",
      "fullMetadata": "https://api.ourworldindata.org/v1/indicators/969656.metadata.json"
    }
  },
  "dateDownloaded": "2025-03-18",
  "activeFilters": {}
}