{
  "chart": {
    "title": "Rotavirus deaths in children under five",
    "subtitle": "Estimated annual number of deaths from [rotavirus](#dod:rotavirus) in children under five years old. Rotavirus is one of the leading causes of [diarrheal disease](#dod:diarrheal-diseases) deaths in children.",
    "citation": "Troeger et al. (2018)",
    "originalChartUrl": "https://ourworldindata.org/grapher/child-deaths-from-rotavirus?v=1&csvType=full&useColumnShortNames=false",
    "selection": [
      "South Asia",
      "Southeast Asia",
      "Central Asia",
      "East Asia",
      "Sub-Saharan Africa",
      "North America",
      "North Africa and Middle East",
      "Latin America and the Caribbean",
      "Western Europe",
      "Central Europe",
      "Eastern Europe",
      "Oceania",
      "World"
    ]
  },
  "columns": {
    "Child deaths from rotavirus (IHME, 2018)": {
      "titleShort": "Child deaths from rotavirus",
      "titleLong": "Child deaths from rotavirus",
      "unit": "",
      "timespan": "",
      "type": "Integer",
      "owidVariableId": 104393,
      "citationShort": " – processed by Our World in Data",
      "citationLong": " – processed by Our World in Data. “Child deaths from rotavirus” [dataset]. Rotavirus deaths and cases in under-5s (IHME, 2018) [original data].",
      "fullMetadata": "https://api.ourworldindata.org/v1/indicators/104393.metadata.json"
    }
  },
  "dateDownloaded": "2025-03-18",
  "activeFilters": {}
}