Entity,Code,Year,"Child deaths from rotavirus (IHME, 2018)"
Afghanistan,AFG,2016,840
Albania,ALB,2016,0
Algeria,DZA,2016,43
American Samoa,ASM,2016,0
Andorra,AND,2016,0
Angola,AGO,2016,2004
Antigua and Barbuda,ATG,2016,0
Argentina,ARG,2016,28
Armenia,ARM,2016,1
Australia,AUS,2016,2
Austria,AUT,2016,1
Azerbaijan,AZE,2016,27
Bahamas,BHS,2016,0
Bahrain,BHR,2016,0
Bangladesh,BGD,2016,782
Barbados,BRB,2016,0
Belarus,BLR,2016,1
Belgium,BEL,2016,2
Belize,BLZ,2016,1
Benin,BEN,2016,1806
Bermuda,BMU,2016,0
Bhutan,BTN,2016,3
Bolivia,BOL,2016,44
Bosnia and Herzegovina,BIH,2016,1
Botswana,BWA,2016,11
Brazil,BRA,2016,259
Brunei,BRN,2016,0
Bulgaria,BGR,2016,2
Burkina Faso,BFA,2016,2699
Burundi,BDI,2016,1814
Cambodia,KHM,2016,96
Cameroon,CMR,2016,1961
Canada,CAN,2016,1
Cape Verde,CPV,2016,3
Caribbean,,2016,198
Central African Republic,CAF,2016,1232
Central Asia,,2016,237
Central Europe,,2016,24
Central Sub-Saharan Africa,,2016,15617
Chad,TCD,2016,4229
Chile,CHL,2016,2
China,CHN,2016,474
Colombia,COL,2016,85
Comoros,COM,2016,18
Congo,COG,2016,273
Costa Rica,CRI,2016,3
Cote d'Ivoire,CIV,2016,2596
Croatia,HRV,2016,0
Cuba,CUB,2016,3
Cyprus,CYP,2016,0
Czechia,CZE,2016,1
Democratic Republic of Congo,COD,2016,12058
Denmark,DNK,2016,2
Djibouti,DJI,2016,19
Dominica,DMA,2016,0
Dominican Republic,DOM,2016,34
East Asia,,2016,649
East Timor,TLS,2016,54
Eastern Europe,,2016,55
Eastern Sub-Saharan Africa,,2016,16300
Ecuador,ECU,2016,19
Egypt,EGY,2016,904
El Salvador,SLV,2016,16
England,,2016,5
Equatorial Guinea,GNQ,2016,5
Eritrea,ERI,2016,289
Estonia,EST,2016,0
Eswatini,SWZ,2016,75
Ethiopia,ETH,2016,2649
Fiji,FJI,2016,4
Finland,FIN,2016,0
France,FRA,2016,18
Gabon,GAB,2016,44
Gambia,GMB,2016,37
Georgia,GEO,2016,1
Germany,DEU,2016,6
Ghana,GHA,2016,664
Greece,GRC,2016,0
Greenland,GRL,2016,0
Grenada,GRD,2016,0
Guam,GUM,2016,0
Guatemala,GTM,2016,139
Guinea,GIN,2016,850
Guinea-Bissau,GNB,2016,195
Guyana,GUY,2016,5
Haiti,HTI,2016,146
High-income,,2016,134
High-income Asia Pacific,,2016,10
Honduras,HND,2016,50
Hungary,HUN,2016,1
Iceland,ISL,2016,0
India,IND,2016,10282
Indonesia,IDN,2016,1994
Iran,IRN,2016,156
Iraq,IRQ,2016,312
Ireland,IRL,2016,0
Israel,ISR,2016,3
Italy,ITA,2016,5
Jamaica,JAM,2016,4
Japan,JPN,2016,8
Jordan,JOR,2016,7
Kazakhstan,KAZ,2016,9
Kenya,KEN,2016,1404
Kiribati,KIR,2016,1
Kuwait,KWT,2016,1
Kyrgyzstan,KGZ,2016,23
Laos,LAO,2016,329
Latin America and the Caribbean,,2016,1259
Latvia,LVA,2016,0
Lebanon,LBN,2016,2
Lesotho,LSO,2016,141
Liberia,LBR,2016,665
Libya,LBY,2016,2
Lithuania,LTU,2016,0
Luxembourg,LUX,2016,0
Madagascar,MDG,2016,1718
Malawi,MWI,2016,1000
Malaysia,MYS,2016,7
Maldives,MDV,2016,0
Mali,MLI,2016,1109
Malta,MLT,2016,0
Marshall Islands,MHL,2016,0
Mauritania,MRT,2016,177
Mauritius,MUS,2016,1
Mexico,MEX,2016,282
Micronesia (region),,2016,0
Moldova,MDA,2016,1
Mongolia,MNG,2016,0
Montenegro,MNE,2016,0
Morocco,MAR,2016,235
Mozambique,MOZ,2016,1216
Myanmar,MMR,2016,324
Namibia,NAM,2016,101
Nepal,NPL,2016,160
Netherlands,NLD,2016,2
New Zealand,NZL,2016,1
Nicaragua,NIC,2016,5
Niger,NER,2016,4160
Nigeria,NGA,2016,47683
North Africa and Middle East,,2016,4193
North America,,2016,39
North Korea,PRK,2016,173
North Macedonia,MKD,2016,1
Northern Ireland,,2016,1
Northern Mariana Islands,MNP,2016,0
Norway,NOR,2016,0
Oceania,,2016,85
Oman,OMN,2016,1
Pakistan,PAK,2016,2169
Palestine,PSE,2016,7
Panama,PAN,2016,16
Papua New Guinea,PNG,2016,72
Paraguay,PRY,2016,9
Peru,PER,2016,16
Philippines,PHL,2016,887
Poland,POL,2016,2
Portugal,PRT,2016,1
Puerto Rico,PRI,2016,1
Qatar,QAT,2016,0
Romania,ROU,2016,15
Russia,RUS,2016,48
Rwanda,RWA,2016,650
Saint Lucia,LCA,2016,0
Saint Vincent and the Grenadines,VCT,2016,0
Samoa,WSM,2016,0
Sao Tome and Principe,STP,2016,5
Saudi Arabia,SAU,2016,7
Scotland,,2016,1
Senegal,SEN,2016,903
Serbia,SRB,2016,1
Seychelles,SYC,2016,0
Sierra Leone,SLE,2016,1122
Singapore,SGP,2016,0
Slovakia,SVK,2016,1
Slovenia,SVN,2016,0
Solomon Islands,SLB,2016,5
Somalia,SOM,2016,518
South Africa,ZAF,2016,319
South Asia,,2016,12296
South Korea,KOR,2016,2
South Sudan,SSD,2016,913
Southeast Asia,,2016,3765
Southern Latin America,,2016,33
Southern Sub-Saharan Africa,,2016,1514
Spain,ESP,2016,1
Sri Lanka,LKA,2016,3
Sub-Saharan Africa,,2016,104733
Sudan,SDN,2016,532
Suriname,SUR,2016,2
Sweden,SWE,2016,1
Switzerland,CHE,2016,1
Syria,SYR,2016,5
Taiwan,TWN,2016,2
Tajikistan,TJK,2016,143
Tanzania,TZA,2016,1224
Thailand,THA,2016,25
Togo,TGO,2016,439
Tonga,TON,2016,0
Trinidad and Tobago,TTO,2016,1
Tunisia,TUN,2016,4
Turkey,TUR,2016,39
Turkmenistan,TKM,2016,17
Uganda,UGA,2016,2146
Ukraine,UKR,2016,5
United Arab Emirates,ARE,2016,1
United States,USA,2016,37
United States Virgin Islands,VIR,2016,0
Uruguay,URY,2016,2
Uzbekistan,UZB,2016,15
Vanuatu,VUT,2016,2
Venezuela,VEN,2016,119
Vietnam,VNM,2016,44
Wales,,2016,1
Western Europe,,2016,50
Western Sub-Saharan Africa,,2016,71303
World,OWID_WRL,2016,128530
Yemen,YEM,2016,1093
Zambia,ZMB,2016,722
Zimbabwe,ZWE,2016,866