{
  "chart": {
    "title": "HIV/AIDS deaths averted by antiretroviral therapy",
    "subtitle": "Estimated annual number of deaths from [HIV/AIDS](#dod:hiv_aids) and the estimated number of deaths averted by [antiretroviral therapy](#dod:antiretroviral_therapy) (ART). Estimates are based on treatment access, treatment efficacy, surveillance data, and epidemiological modeling.",
    "citation": "Joint United Nations Programme on HIV/AIDS (2024)",
    "originalChartUrl": "https://ourworldindata.org/grapher/hivaids-deaths-and-averted-due-to-art?v=1&csvType=full&useColumnShortNames=false",
    "selection": [
      "World"
    ]
  },
  "columns": {
    "Deaths averted due to antiretroviral therapy - Central estimate": {
      "titleShort": "Lives saved due to ART",
      "titleLong": "Lives saved due to ART - central estimate",
      "descriptionShort": "The number of deaths prevented as a direct result of Antiretroviral Therapy (ART) among people living with HIV. It is calculated by comparing the observed mortality rates in individuals receiving ART to the estimated mortality rates in the absence of such treatment. This is the central estimate.",
      "descriptionKey": [
        "Antiretroviral therapy (ART) has proven effective in lowering HIV-related illness and death rates among people living with HIV, as well as preventing the virus's transmission. Research indicates that starting treatment early, irrespective of an individual's CD4 cell count, maximizes benefits and saves lives. The World Health Organization (WHO) now advises ART for everyone diagnosed with HIV.",
        "Antiretroviral therapy (ART) has significantly reduced the number of AIDS-related deaths since its introduction in 1996.",
        "By suppressing HIV replication, ART improves the health and longevity of people living with HIV, thereby preventing deaths that would have occurred in its absence."
      ],
      "unit": "deaths",
      "timespan": "1990-2023",
      "type": "Numeric",
      "owidVariableId": 1013252,
      "shortName": "deaths_averted_art__age_total__sex_total__estimate_central",
      "lastUpdated": "2025-01-22",
      "citationShort": "Joint United Nations Programme on HIV/AIDS (2024) – with minor processing by Our World in Data",
      "citationLong": "Joint United Nations Programme on HIV/AIDS (2024) – with minor processing by Our World in Data. “Lives saved due to ART – central estimate” [dataset]. Joint United Nations Programme on HIV/AIDS, “Global AIDS Update” [original data].",
      "fullMetadata": "https://api.ourworldindata.org/v1/indicators/1013252.metadata.json"
    },
    "AIDS-related deaths - Age: total - Sex: total - Central estimate": {
      "titleShort": "AIDS-related deaths",
      "titleLong": "AIDS-related deaths - central estimate",
      "descriptionShort": "Total number of people dying from AIDS-related causes, central estimate.",
      "descriptionKey": [
        "AIDS-related deaths are estimated using multiple methods, including vital registration systems, surveys with verbal autopsies, and mathematical modeling tools like Spectrum.",
        "Mathematical models integrate various data sources, such as demographic data, HIV prevalence, antiretroviral therapy coverage, and survival assumptions, sometimes incorporating adjustments for misreporting."
      ],
      "unit": "deaths",
      "timespan": "1990-2023",
      "type": "Numeric",
      "owidVariableId": 1013123,
      "shortName": "aids_deaths__age_total__sex_total__estimate_central",
      "lastUpdated": "2025-01-22",
      "citationShort": "Joint United Nations Programme on HIV/AIDS (2024) – with minor processing by Our World in Data",
      "citationLong": "Joint United Nations Programme on HIV/AIDS (2024) – with minor processing by Our World in Data. “AIDS-related deaths – central estimate” [dataset]. Joint United Nations Programme on HIV/AIDS, “Global AIDS Update” [original data].",
      "fullMetadata": "https://api.ourworldindata.org/v1/indicators/1013123.metadata.json"
    }
  },
  "dateDownloaded": "2025-03-18",
  "activeFilters": {}
}