{
  "chart": {
    "title": "Number of reported smallpox cases by world region",
    "subtitle": "The number of reported cases of [smallpox](#dod:smallpox). The historical number of smallpox cases reported is lower than the actual number of cases in those years, due to limited testing and reporting.",
    "citation": "World Health Organization (1969-1988)",
    "originalChartUrl": "https://ourworldindata.org/grapher/reported-number-of-smallpox-infections-by-world-region?v=1&csvType=full&useColumnShortNames=false",
    "selection": [
      "North America",
      "Latin America and Caribbean",
      "Europe and Central Asia",
      "Middle East and North Africa",
      "Sub-Saharan Africa",
      "East Asia and Pacific",
      "South Asia"
    ]
  },
  "columns": {
    "Reported Smallpox cases (WHO)": {
      "titleShort": "Reported Smallpox cases (WHO)",
      "titleLong": "Reported Smallpox cases (WHO)",
      "unit": "",
      "timespan": "",
      "type": "Integer",
      "owidVariableId": 97488,
      "citationShort": " – processed by Our World in Data",
      "citationLong": " – processed by Our World in Data. “Reported Smallpox cases (WHO)” [dataset]. World Health Organization (1969-1988) [original data].",
      "fullMetadata": "https://api.ourworldindata.org/v1/indicators/97488.metadata.json"
    }
  },
  "dateDownloaded": "2025-03-18",
  "activeFilters": {}
}