{
  "chart": {
    "title": "Death rate from meningitis",
    "subtitle": "Annual number of deaths from meningitis per 100,000 people.",
    "citation": "World Health Organization (2024)",
    "originalChartUrl": "https://ourworldindata.org/grapher/death-rate-from-meningitis-who?v=1&csvType=full&useColumnShortNames=false",
    "selection": []
  },
  "columns": {
    "Death rate from meningitis among both sexes": {
      "titleShort": "Death rate from meningitis among both sexes",
      "titleLong": "Death rate from meningitis among both sexes",
      "descriptionShort": "Estimated number of deaths from meningitis in both sexes, per 100,000 people.",
      "descriptionKey": [],
      "shortUnit": "",
      "unit": "deaths per 100,000 people",
      "timespan": "2000-2021",
      "type": "Numeric",
      "owidVariableId": 969927,
      "shortName": "death_rate100k__age_group_allages__sex_both_sexes__cause_meningitis",
      "lastUpdated": "2024-07-30",
      "citationShort": "World Health Organization (2024) – with major processing by Our World in Data",
      "citationLong": "World Health Organization (2024) – with major processing by Our World in Data. “Death rate from meningitis among both sexes” [dataset]. World Health Organization, “Global Health Estimates” [original data].",
      "fullMetadata": "https://api.ourworldindata.org/v1/indicators/969927.metadata.json"
    }
  },
  "dateDownloaded": "2025-03-18",
  "activeFilters": {}
}