{
  "chart": {
    "title": "H5N1 influenza: monthly reported cases",
    "subtitle": "Monthly reported human cases of H5N1, a type of [highly-pathogenic avian influenza](#dod:highly-pathogenic-avian-influenza). Only a small fraction of potential cases are tested by labs to confirm whether they have influenza and to identify their strain.",
    "citation": "WHO, Global Influenza Programme (2024)",
    "originalChartUrl": "https://ourworldindata.org/grapher/h5n1-flu-reported-cases?v=1&csvType=full&useColumnShortNames=false",
    "selection": [
      "Africa",
      "Asia",
      "North America",
      "South America",
      "Europe"
    ]
  },
  "columns": {
    "Human cases with highly pathogenic avian influenza A/H5N1 (monthly)": {
      "titleShort": "Human cases with highly pathogenic avian influenza A/H5N1 (monthly)",
      "titleLong": "Human cases with highly pathogenic avian influenza A/H5N1 (monthly)",
      "descriptionShort": "Monthly number of human cases with highly pathogenic avian influenza A/H5N1.",
      "unit": "cases",
      "timespan": "",
      "type": "Integer",
      "conversionFactor": 1,
      "owidVariableId": 904798,
      "shortName": "avian_cases_month",
      "lastUpdated": "2025-01-28",
      "citationShort": "WHO, Global Influenza Programme (2024) – with minor processing by Our World in Data",
      "citationLong": "WHO, Global Influenza Programme (2024) – with minor processing by Our World in Data. “Human cases with highly pathogenic avian influenza A/H5N1 (monthly)” [dataset]. WHO, Global Influenza Programme, “Human Cases with Highly Pathogenic Avian Influenza A/H5N1” [original data].",
      "fullMetadata": "https://api.ourworldindata.org/v1/indicators/904798.metadata.json"
    }
  },
  "dateDownloaded": "2025-03-18",
  "activeFilters": {}
}