﻿GHE cause,Disease type,Disease name,"Member State
 (See Notes for explanation of colour codes)",Afghanistan,Albania,Algeria,Angola,Antigua and Barbuda,Argentina,Armenia,Australia,Austria,Azerbaijan,Bahamas,Bahrain,Bangladesh,Barbados,Belarus,Belgium,Belize,Benin,Bhutan,Bolivia (Plurinational State of),Bosnia and Herzegovina,Botswana,Brazil,Brunei Darussalam,Bulgaria,Burkina Faso,Burundi,Cambodia,Cameroon,Canada,Cape Verde,Central African Republic,Chad,Chile,China,Colombia,Comoros,Congo,Costa Rica,Côte d'Ivoire,Croatia,Cuba,Cyprus,Czech Republic,Democratic People's Republic of Korea,Democratic Republic of the Congo,Denmark,Djibouti,Dominican Republic,Ecuador,Egypt,El Salvador,Equatorial Guinea,Eritrea,Estonia,Ethiopia,Fiji,Finland,France,Gabon,Gambia,Georgia,Germany,Ghana,Greece,Grenada,Guatemala,Guinea,Guinea-Bissau,Guyana,Haiti,Honduras,Hungary,Iceland,India,Indonesia,Iran (Islamic Republic of),Iraq,Ireland,Israel,Italy,Jamaica,Japan,Jordan,Kazakhstan,Kenya,Kiribati,Kuwait,Kyrgyzstan,Lao People's Democratic Republic,Latvia,Lebanon,Lesotho,Liberia,Libyan Arab Jamahiriya,Lithuania,Luxembourg,Madagascar,Malawi,Malaysia,Maldives,Mali,Malta,Mauritania,Mauritius,Mexico,Micronesia (Federated States of),Mongolia,Montenegro,Morocco,Mozambique,Myanmar,Namibia,Nepal,Netherlands,New Zealand,Nicaragua,Niger,Nigeria,Norway,Oman,Pakistan,Panama,Papua New Guinea,Paraguay,Peru,Philippines,Poland,Portugal,Qatar,Republic of Korea,Republic of Moldova,Romania,Russian Federation,Rwanda,Saint Lucia,Saint Vincent and the Grenadines,Samoa,Sao Tome and Principe,Saudi Arabia,Senegal,Serbia,Seychelles,Sierra Leone,Singapore,Slovakia,Slovenia,Solomon Islands,Somalia,South Africa,South Sudan,Spain,Sri Lanka,Sudan,Suriname,Swaziland,Sweden,Switzerland,Syrian Arab Republic,Tajikistan,Thailand,The former Yugoslav Republic of Macedonia,Timor-Leste,Togo,Tonga,Trinidad and Tobago,Tunisia,Turkey,Turkmenistan,Uganda,Ukraine,United Arab Emirates,United Kingdom,United Republic of Tanzania,United States of America,Uruguay,Uzbekistan,Vanuatu,Venezuela (Bolivarian Republic of),Viet Nam,Yemen,Zambia,Zimbabwe
_,_,_,ISO-3 Code,AFG,ALB,DZA,AGO,ATG,ARG,ARM,AUS,AUT,AZE,BHS,BHR,BGD,BRB,BLR,BEL,BLZ,BEN,BTN,BOL,BIH,BWA,BRA,BRN,BGR,BFA,BDI,KHM,CMR,CAN,CPV,CAF,TCD,CHL,CHN,COL,COM,COG,CRI,CIV,HRV,CUB,CYP,CZE,PRK,COD,DNK,DJI,DOM,ECU,EGY,SLV,GNQ,ERI,EST,ETH,FJI,FIN,FRA,GAB,GMB,GEO,DEU,GHA,GRC,GRD,GTM,GIN,GNB,GUY,HTI,HND,HUN,ISL,IND,IDN,IRN,IRQ,IRL,ISR,ITA,JAM,JPN,JOR,KAZ,KEN,KIR,KWT,KGZ,LAO,LVA,LBN,LSO,LBR,LBY,LTU,LUX,MDG,MWI,MYS,MDV,MLI,MLT,MRT,MUS,MEX,FSM,MNG,MNE,MAR,MOZ,MMR,NAM,NPL,NLD,NZL,NIC,NER,NGA,NOR,OMN,PAK,PAN,PNG,PRY,PER,PHL,POL,PRT,QAT,KOR,MDA,ROU,RUS,RWA,LCA,VCT,WSM,STP,SAU,SEN,SRB,SYC,SLE,SGP,SVK,SVN,SLB,SOM,ZAF,SSD,ESP,LKA,SDN,SUR,SWZ,SWE,CHE,SYR,TJK,THA,MKD,TLS,TGO,TON,TTO,TUN,TUR,TKM,UGA,UKR,ARE,GBR,TZA,USA,URY,UZB,VUT,VEN,VNM,YEM,ZMB,ZWE
_,_,_,_,_,_,_,_,_,_,_,_,_,_,_,_,_,_,_,_,_,_,_,_,_,_,_,_,_,_,_,_,_,_,_,_,_,_,_,_,_,_,_,_,_,_,_,_,_,_,_,_,_,_,_,_,_,_,_,_,_,_,_,_,_,_,_,_,_,_,_,_,_,_,_,_,_,_,_,_,_,_,_,_,_,_,_,_,_,_,_,_,_,_,_,_,_,_,_,_,_,_,_,_,_,_,_,_,_,_,_,_,_,_,_,_,_,_,_,_,_,_,_,_,_,_,_,_,_,_,_,_,_,_,_,_,_,_,_,_,_,_,_,_,_,_,_,_,_,_,_,_,_,_,_,_,_,_,_,_,_,_,_,_,_,_,_,_,_,_,_,_,_,_,_,_,_,_,_,_,_,_,_,_,_,_,_
Population ('000) (2),_,_,_,32527.00,2897.00,39667.00,25022.00,92.00,43417.00,3018.00,23969.00,8545.00,9754.00,388.00,1377.00,160996.00,284.00,9496.00,11299.00,359.00,10880.00,775.00,10725.00,3810.00,2262.00,207848.00,423.00,7150.00,18106.00,11179.00,15578.00,23344.00,35940.00,521.00,4900.00,14037.00,17948.00,1383925.00,48229.00,788.00,4620.00,4808.00,22702.00,4240.00,11390.00,1165.00,10543.00,25155.00,77267.00,5669.00,888.00,10528.00,16144.00,91508.00,6127.00,845.00,5228.00,1313.00,99391.00,892.00,5503.00,64395.00,1725.00,1991.00,4000.00,80689.00,27410.00,10955.00,107.00,16343.00,12609.00,1844.00,767.00,10711.00,8075.00,9855.00,329.00,1311051.00,257564.00,79109.00,36423.00,4688.00,8064.00,59798.00,2793.00,126573.00,7595.00,17625.00,46050.00,112.00,3892.00,5940.00,6802.00,1971.00,5851.00,2135.00,4503.00,6278.00,2878.00,567.00,24235.00,17215.00,30331.00,364.00,17600.00,419.00,4068.00,1273.00,127017.00,104.00,2959.00,626.00,34378.00,27978.00,53897.00,2459.00,28514.00,16925.00,4529.00,6082.00,19899.00,182202.00,5211.00,4491.00,188925.00,3929.00,7619.00,6639.00,31377.00,100699.00,38612.00,10350.00,2235.00,50293.00,4069.00,19511.00,143457.00,11610.00,185.00,109.00,193.00,190.00,31540.00,15129.00,8851.00,96.00,6453.00,5604.00,5426.00,2068.00,584.00,10787.00,54490.00,12340.00,46122.00,20715.00,40235.00,543.00,1287.00,9779.00,8299.00,18502.00,8482.00,67959.00,2078.00,1185.00,7305.00,106.00,1360.00,11254.00,78666.00,5374.00,39032.00,44824.00,9157.00,64716.00,53470.00,321774.00,3432.00,29893.00,265.00,31108.00,93448.00,26832.00,16212.00,15603.00
All Causes,_,_,_,19333.40,768.70,10751.50,26392.20,23.70,12033.00,970.20,5393.40,2295.70,3078.20,117.00,233.40,48635.70,96.60,4083.80,3100.70,107.20,6893.40,276.70,3933.10,1222.30,969.30,60418.90,76.70,2955.70,11324.70,7368.70,5265.40,16351.40,8509.80,131.90,4537.30,13791.70,4140.80,362766.60,12472.30,391.70,2282.70,1039.40,19083.00,1469.30,3233.60,237.70,3244.70,8789.70,55841.90,1499.20,454.10,3188.90,4210.90,29117.00,1894.20,579.40,2167.70,451.00,48065.30,304.60,1534.50,16373.10,813.90,1147.00,1442.90,24276.30,14268.40,3145.40,33.20,5074.80,8799.30,1268.60,320.00,5477.40,2070.60,3646.40,65.30,512540.60,88040.20,18044.10,13139.10,1032.70,1520.10,16372.00,796.40,32987.00,1695.50,6162.10,21854.90,46.20,676.10,1763.40,2869.10,835.60,1582.80,1647.60,2628.00,1657.50,1209.30,124.80,10659.70,9782.60,7252.20,65.10,13498.90,104.20,2148.80,393.00,29177.60,33.20,983.40,197.30,9601.50,19623.80,21799.00,1026.40,9686.20,4330.30,1059.30,1544.30,13463.60,154352.00,1218.40,882.50,87503.40,986.30,3600.50,1837.70,8080.60,34509.00,12268.30,2979.20,335.60,10482.60,1491.80,7459.10,67780.70,4801.90,54.80,37.40,47.10,78.00,6368.20,6153.40,3092.00,29.70,6256.80,916.30,1666.60,582.10,179.20,10460.70,27588.60,9063.20,11338.30,5926.60,20855.40,179.10,758.20,2482.50,1921.90,8806.50,2858.00,22156.40,634.00,516.10,4362.30,27.20,510.50,3016.40,20685.00,2102.20,20618.70,20883.20,1485.50,16640.20,27373.50,93126.70,1032.90,9879.30,71.30,9052.90,24962.60,10749.60,8985.30,9233.40
"Communicable, maternal, perinatal and nutritional conditions",_,_,_,8969.60,68.60,2481.40,17593.50,3.30,1580.80,76.50,305.40,80.50,618.80,23.40,24.00,15555.10,13.70,218.40,182.90,22.70,4120.50,81.40,1152.40,49.60,526.70,9016.50,10.80,130.90,6998.00,4555.10,1750.60,9831.00,534.30,38.10,2998.80,9671.60,335.20,28594.50,1678.90,217.20,1334.80,106.20,11378.90,54.70,286.50,11.50,177.20,1418.40,36705.10,81.70,236.50,833.30,871.90,6078.80,286.80,328.30,1119.90,21.90,26782.90,50.00,49.30,976.00,438.50,696.80,107.60,1155.60,7562.70,140.10,4.90,1517.30,5695.20,831.70,88.10,2193.30,437.00,128.60,3.30,179105.50,24488.70,2443.50,3175.50,59.90,143.70,714.90,145.60,2789.20,333.20,891.30,12940.00,17.20,76.50,373.60,1238.10,45.90,132.00,1128.00,1685.20,203.80,62.90,6.40,5731.00,6382.10,1462.40,10.80,9125.20,6.10,1273.70,35.30,3734.90,8.80,173.10,8.60,2139.80,12596.90,6818.10,565.80,2971.80,219.10,58.30,298.70,9217.30,106166.20,67.30,126.50,41621.00,199.10,1527.90,378.00,1773.00,9899.20,583.50,227.10,33.40,843.90,129.60,507.90,7278.00,2181.00,7.30,6.50,8.50,39.30,897.00,3289.70,133.70,4.20,4073.70,117.10,96.00,28.20,54.20,7548.10,13829.40,5963.70,671.20,652.00,9477.00,34.10,438.40,136.70,94.30,722.80,1091.90,3730.30,24.70,267.30,2568.00,4.80,65.90,368.00,2159.80,509.50,11983.40,1526.20,139.50,1061.60,15984.10,5765.80,93.60,2574.10,19.50,1665.30,4812.10,3523.30,5778.90,5732.70
A.,Infectious and parasitic diseases,_,_,2862.10,9.40,548.10,7656.50,1.10,319.40,18.00,59.50,16.80,108.00,13.20,6.00,5906.00,3.60,113.00,33.90,9.90,1751.20,36.60,290.20,8.80,331.70,2632.90,3.20,22.30,3452.40,1980.80,819.10,5461.70,127.60,12.70,1669.80,4382.90,102.60,8490.00,574.40,74.10,808.50,30.10,5624.80,10.60,74.00,2.70,42.60,605.60,18380.40,15.50,115.00,275.80,248.30,1096.60,72.20,165.50,476.20,6.50,13177.00,17.60,8.50,196.90,247.20,283.20,28.40,283.30,3477.10,27.10,0.90,413.10,3011.50,434.80,31.80,801.10,161.20,24.50,0.50,69564.00,12814.60,634.40,528.80,7.90,26.10,234.10,69.20,357.00,44.60,247.10,7055.40,5.70,13.20,101.80,470.90,13.20,28.40,776.60,960.10,57.10,23.30,1.20,2727.10,3860.60,781.30,2.70,4495.60,0.80,480.80,12.80,956.60,2.30,59.80,1.10,467.50,7600.20,3217.30,323.90,1202.80,48.50,9.60,84.60,3814.60,55710.80,12.00,29.90,11326.20,78.40,666.10,123.20,449.20,3545.50,117.80,61.80,9.20,239.20,28.70,113.40,3142.30,1002.10,1.70,2.00,1.70,19.30,158.20,1325.80,25.70,1.10,2313.80,11.40,12.30,4.30,19.60,3687.00,10559.50,3047.30,147.90,211.60,3548.90,13.00,300.90,23.40,15.50,207.40,272.00,1745.40,4.10,97.60,1317.80,1.10,23.80,66.70,431.30,118.40,6379.20,944.70,40.30,169.70,8385.40,1321.20,25.90,609.30,7.60,458.20,2160.40,908.20,3387.70,3261.40
_,1,Tuberculosis,_,633.60,0.50,123.80,475.00,0.00,25.90,3.60,1.00,1.60,4.70,0.10,0.20,2463.70,0.00,37.20,1.70,0.50,47.20,4.80,17.00,3.20,31.40,240.40,0.60,3.80,74.90,113.50,308.50,288.50,2.50,1.00,90.30,135.90,12.50,1782.30,56.50,2.60,90.20,1.90,216.50,1.00,1.60,0.10,1.70,430.90,2062.60,0.60,14.20,20.50,25.90,14.90,3.70,3.00,25.10,1.10,992.90,2.70,0.70,9.80,40.90,16.80,7.00,8.40,400.80,2.50,0.00,18.00,195.80,54.90,4.50,99.70,4.00,3.20,0.10,18720.60,3946.20,52.70,35.90,0.40,0.50,10.00,0.40,47.90,1.20,114.00,371.30,1.00,0.30,32.40,151.80,2.90,2.50,52.20,159.30,23.90,7.10,0.00,427.70,101.60,77.40,0.60,66.70,0.00,34.70,0.70,102.90,0.60,27.90,0.10,97.50,777.10,1067.20,37.10,211.00,0.90,0.40,5.60,171.30,7523.60,0.50,1.00,1819.40,10.30,122.10,9.20,75.20,1169.80,17.50,5.60,0.40,71.80,13.40,41.50,861.90,20.80,0.10,0.10,0.10,0.30,23.20,144.90,3.30,0.00,203.30,1.70,0.90,0.50,2.30,274.50,1099.00,140.20,7.40,35.10,365.80,0.60,20.30,0.50,0.50,1.70,10.70,260.20,0.80,42.60,21.60,0.10,1.10,10.70,28.40,24.30,230.60,307.10,1.90,9.40,1166.10,16.80,2.10,133.10,0.70,31.30,585.50,48.80,198.30,90.70
_,2,STDs excluding HIV,_,108.70,1.00,46.40,444.10,0.00,14.30,1.40,7.60,2.40,11.80,0.20,2.20,283.00,0.10,3.50,2.30,0.30,52.50,0.60,17.70,1.20,3.40,108.20,0.20,2.40,101.60,92.30,18.80,218.60,7.10,0.70,54.90,183.90,5.00,598.30,21.10,8.50,11.80,1.90,193.20,1.10,5.70,0.20,3.80,20.30,1035.40,1.20,3.60,6.00,11.70,107.20,4.80,1.40,20.10,0.40,774.20,0.50,1.00,13.10,3.90,12.90,1.60,21.40,50.40,2.20,0.00,23.70,113.40,23.20,1.00,38.20,6.30,3.40,0.10,1021.40,111.70,88.50,45.90,1.00,1.50,13.60,1.40,31.70,7.20,12.40,147.00,0.10,6.20,4.20,10.00,0.80,6.00,5.90,13.20,6.90,1.10,0.10,114.10,79.30,11.40,0.20,210.20,0.10,50.40,0.50,50.40,0.20,2.40,0.20,69.10,339.40,56.30,5.00,27.60,3.50,1.50,8.20,87.50,896.40,1.10,8.40,384.20,1.50,35.60,3.90,26.80,62.00,13.10,2.50,4.80,14.00,1.70,7.40,59.90,35.80,0.10,0.10,0.10,0.20,39.00,76.30,3.00,0.00,13.00,1.10,1.90,0.60,1.60,139.50,157.40,97.90,10.80,7.40,263.00,0.40,2.50,2.20,1.80,19.60,32.40,29.30,0.70,1.80,57.50,0.00,0.60,12.00,80.00,5.20,159.80,28.20,18.00,23.20,255.00,98.40,1.00,41.10,0.30,11.70,61.40,124.20,82.40,67.60
_,_,a.,Syphilis,82.30,0.30,7.40,431.80,0.00,7.20,0.40,0.80,0.30,8.40,0.10,0.10,223.50,0.00,0.80,0.40,0.10,47.60,0.30,14.80,0.20,2.00,28.10,0.10,0.50,92.30,82.20,13.10,204.20,0.80,0.40,52.00,177.60,1.90,71.70,6.00,7.80,9.50,0.40,182.20,0.20,1.10,0.00,1.00,11.50,998.20,0.10,2.70,1.80,7.60,22.70,2.70,1.00,15.10,0.10,701.00,0.20,0.10,2.00,2.90,12.10,0.40,5.30,34.00,0.40,0.00,18.90,107.30,22.30,0.80,33.50,3.80,0.70,0.00,517.40,25.80,2.10,15.40,0.20,0.30,2.60,0.30,4.40,0.50,6.70,118.60,0.10,0.80,2.50,7.60,0.20,0.60,4.50,11.10,0.90,0.30,0.00,92.00,65.60,0.60,0.00,201.80,0.00,48.30,0.00,9.80,0.20,1.40,0.00,37.20,314.80,36.20,3.40,18.70,0.60,0.10,6.20,79.60,805.20,0.10,0.20,322.10,0.30,32.90,1.50,18.10,28.90,1.80,0.60,0.10,1.30,0.40,1.90,17.70,25.00,0.00,0.00,0.00,0.10,2.10,69.70,1.00,0.00,9.80,0.10,0.40,0.10,1.40,129.90,85.00,86.40,2.40,0.90,228.90,0.20,1.70,0.20,0.20,4.20,29.80,6.00,0.10,1.50,54.00,0.00,0.00,1.30,8.20,3.50,127.40,14.00,0.40,1.60,221.60,12.80,0.40,32.40,0.20,2.50,27.00,100.10,67.20,57.60
_,_,b.,Chlamydia,2.50,0.10,3.40,2.80,0.00,1.50,0.20,3.10,0.30,0.50,0.00,0.20,8.60,0.00,0.50,0.30,0.00,1.60,0.00,1.10,0.10,0.20,27.50,0.00,0.20,1.90,1.50,3.20,4.80,2.20,0.10,0.60,1.40,0.60,338.80,5.80,0.10,0.50,0.60,2.60,0.10,1.20,0.00,0.30,5.40,8.40,0.30,0.10,1.20,1.60,7.50,1.00,0.10,0.80,0.10,37.60,0.10,0.30,1.80,0.20,0.10,0.20,4.00,6.70,0.20,0.00,2.00,1.30,0.20,0.10,1.40,1.00,0.30,0.00,64.50,48.20,9.20,2.80,0.10,0.20,1.70,0.30,3.30,0.60,0.90,8.40,0.00,0.40,0.30,1.40,0.10,0.50,0.30,0.50,0.50,0.10,0.00,3.30,1.50,6.40,0.10,2.00,0.00,0.40,0.20,16.60,0.00,0.20,0.00,2.90,4.40,10.40,0.30,1.30,0.50,0.80,0.80,1.70,24.60,0.30,0.70,9.30,0.40,0.80,0.90,3.60,19.60,1.30,0.20,0.40,2.20,0.20,0.60,7.40,1.90,0.00,0.00,0.00,0.00,2.80,1.00,0.30,0.00,0.70,0.10,0.20,0.10,0.10,1.40,34.30,1.70,1.00,3.40,3.20,0.10,0.20,0.50,0.30,1.40,0.30,12.90,0.10,0.20,0.80,0.00,0.20,1.00,6.40,0.30,5.30,2.20,1.30,9.10,11.50,36.60,0.10,1.10,0.00,3.60,18.90,2.30,2.70,1.60
_,_,c.,Gonorrhoea,21.30,0.00,31.40,6.20,0.00,0.50,0.10,0.50,0.20,0.20,0.10,1.80,32.10,0.00,0.20,0.10,0.00,1.80,0.20,0.40,0.00,0.70,11.80,0.10,0.10,4.30,6.50,0.50,5.30,0.30,0.10,1.40,2.90,0.20,9.50,2.30,0.50,1.20,0.20,5.10,0.00,1.60,0.00,0.20,0.20,18.70,0.10,0.60,1.40,0.50,67.70,0.30,0.20,3.20,0.00,17.30,0.00,0.10,0.70,0.50,0.40,0.10,0.80,5.20,0.10,0.00,0.70,2.80,0.40,0.10,1.50,0.40,0.20,0.00,286.80,7.50,69.00,24.60,0.10,0.10,0.70,0.40,9.60,5.60,0.50,10.50,0.00,4.50,0.10,0.20,0.00,4.30,0.80,1.00,4.80,0.00,0.00,14.20,9.50,0.90,0.00,3.70,0.00,1.00,0.00,6.30,0.00,0.10,0.00,24.90,14.80,2.20,0.80,4.60,0.20,0.10,0.30,3.70,40.30,0.10,7.20,34.70,0.20,0.50,0.30,1.20,2.70,0.60,0.10,4.20,4.50,0.10,0.30,2.70,6.80,0.00,0.00,0.00,0.00,31.20,3.20,0.10,0.00,1.50,0.30,0.10,0.00,0.00,6.10,25.70,7.40,0.60,0.60,26.70,0.10,0.50,0.10,0.10,12.30,0.20,0.80,0.00,0.00,1.70,0.00,0.20,8.50,57.80,0.10,21.20,0.80,15.70,1.10,12.10,6.10,0.00,0.60,0.00,1.40,2.90,19.20,9.20,5.70
_,_,d.,Trichomoniasis,0.40,0.10,0.70,0.60,0.00,1.00,0.10,0.70,0.10,0.40,0.00,0.00,3.60,0.00,0.20,0.10,0.00,0.40,0.00,0.20,0.10,0.10,8.60,0.00,0.20,1.00,0.70,0.30,1.40,1.10,0.00,0.10,0.60,0.50,31.80,2.20,0.00,0.10,0.20,0.80,0.10,0.40,0.00,0.30,0.60,1.90,0.10,0.10,0.30,0.40,2.20,0.30,0.00,0.30,0.00,6.10,0.00,0.10,1.20,0.00,0.10,0.10,1.20,1.30,0.20,0.00,0.60,0.60,0.10,0.00,0.30,0.40,0.30,0.00,26.90,4.30,1.40,0.50,0.10,0.10,0.90,0.10,2.30,0.10,0.60,3.20,0.00,0.00,0.20,0.10,0.00,0.10,0.10,0.20,0.10,0.10,0.00,1.50,0.70,0.50,0.00,0.80,0.00,0.20,0.00,5.60,0.00,0.10,0.00,0.60,2.00,0.90,0.20,0.60,0.20,0.10,0.30,0.80,7.70,0.10,0.10,3.80,0.20,0.30,0.20,0.70,1.50,1.00,0.20,0.00,1.00,0.10,0.50,2.70,0.80,0.00,0.00,0.00,0.00,0.50,0.70,0.20,0.00,0.30,0.10,0.10,0.00,0.00,0.60,4.80,0.70,0.70,0.40,0.80,0.00,0.10,0.10,0.10,0.30,0.30,1.20,0.10,0.00,0.30,0.00,0.00,0.30,0.90,0.20,1.70,0.80,0.10,1.00,3.00,10.40,0.10,1.10,0.00,1.30,1.60,0.40,1.50,0.90
_,_,e.,Genital herpes,0.50,0.10,1.10,0.90,0.00,1.00,0.10,0.90,0.20,0.20,0.00,0.00,3.10,0.00,0.40,0.30,0.00,0.30,0.00,0.40,0.10,0.10,11.10,0.00,0.20,0.50,0.50,0.50,1.00,1.00,0.00,0.20,0.40,0.40,39.30,2.20,0.00,0.20,0.20,0.70,0.10,0.60,0.00,0.20,0.70,2.80,0.20,0.00,0.50,0.70,2.30,0.30,0.00,0.30,0.10,4.00,0.00,0.10,1.70,0.10,0.10,0.10,3.20,0.90,0.30,0.00,0.60,0.40,0.10,0.00,0.50,0.40,0.20,0.00,38.90,7.10,2.40,0.80,0.10,0.20,1.90,0.10,3.50,0.20,0.40,2.40,0.00,0.10,0.10,0.20,0.10,0.20,0.10,0.10,0.20,0.10,0.00,1.20,1.00,1.00,0.00,0.50,0.00,0.10,0.00,4.60,0.00,0.10,0.00,0.90,1.20,1.70,0.10,0.60,0.60,0.10,0.30,0.50,5.60,0.10,0.10,3.10,0.20,0.30,0.30,1.40,2.50,0.90,0.30,0.10,2.00,0.20,0.40,6.00,0.40,0.00,0.00,0.00,0.00,0.80,0.40,0.20,0.00,0.20,0.10,0.10,0.00,0.00,0.50,3.50,0.60,1.30,0.70,0.80,0.00,0.10,0.40,0.30,0.40,0.20,3.00,0.00,0.00,0.20,0.00,0.10,0.30,2.20,0.10,1.70,1.90,0.30,1.50,3.10,14.70,0.10,0.70,0.00,1.30,3.20,0.60,0.80,0.70
_,_,f.,Other STDs,1.70,0.50,2.40,1.90,0.00,3.10,0.50,1.60,1.30,2.10,0.00,0.10,12.10,0.00,1.40,1.10,0.00,0.80,0.00,0.70,0.60,0.10,21.20,0.00,1.20,1.50,0.90,1.30,1.80,1.70,0.00,0.40,1.00,1.30,107.30,2.50,0.10,0.30,0.20,1.70,0.60,0.70,0.10,1.80,2.00,5.40,0.50,0.10,0.70,0.90,4.90,0.30,0.10,0.40,0.20,8.20,0.10,0.30,5.60,0.10,0.10,0.70,6.90,2.30,1.00,0.00,0.90,1.00,0.20,0.10,0.90,0.40,1.80,0.00,86.80,18.80,4.40,1.80,0.50,0.70,5.80,0.20,8.50,0.30,3.30,4.00,0.00,0.30,1.00,0.50,0.30,0.30,0.10,0.30,0.40,0.50,0.10,1.90,1.10,2.00,0.00,1.30,0.00,0.30,0.10,7.50,0.00,0.60,0.10,2.60,2.20,4.90,0.20,1.80,1.40,0.30,0.30,1.20,13.00,0.40,0.20,11.20,0.20,0.80,0.60,1.90,6.70,7.50,1.10,0.10,2.90,0.70,3.60,23.50,0.90,0.00,0.00,0.00,0.00,1.70,1.10,1.30,0.00,0.50,0.20,1.00,0.30,0.10,1.00,4.00,1.10,4.80,1.40,2.60,0.00,0.10,1.00,0.80,0.90,1.60,5.40,0.40,0.10,0.60,0.00,0.10,0.70,4.60,1.00,2.60,8.40,0.30,8.90,3.80,17.80,0.20,5.20,0.00,1.50,7.90,1.70,1.10,1.00
_,3,HIV/AIDS,_,19.70,1.60,8.60,780.50,0.60,118.40,6.30,3.70,2.90,17.10,11.10,0.40,48.10,1.80,58.70,3.00,6.70,135.50,5.60,41.50,0.20,249.40,765.90,0.10,5.20,200.70,186.70,114.10,1883.20,17.30,5.30,453.70,619.60,27.90,1204.90,194.20,3.30,256.50,9.30,1165.30,0.40,18.20,0.20,0.50,3.90,1275.80,1.40,32.10,167.10,69.40,19.70,24.80,62.40,32.80,3.00,1287.10,0.80,0.30,25.40,79.40,60.50,10.10,21.50,579.60,13.00,0.10,74.40,256.50,110.10,12.70,201.50,56.40,0.60,0.00,4127.70,2173.90,198.00,0.40,0.80,2.00,49.50,45.60,2.50,0.10,17.20,2034.10,0.00,0.00,9.80,23.50,5.20,4.00,602.50,106.40,0.30,0.80,0.20,187.50,2118.00,357.60,0.00,375.20,0.10,57.80,5.20,260.60,0.00,0.20,0.30,49.30,2606.00,585.20,206.30,115.80,2.60,0.70,19.10,209.00,10175.00,0.60,4.20,195.90,34.70,53.40,41.90,84.10,28.10,55.90,31.60,0.30,6.40,5.80,12.50,1921.60,183.60,0.40,1.20,0.00,2.70,1.30,124.30,1.40,0.10,141.10,1.90,0.10,0.10,0.10,123.20,8033.10,692.20,43.90,7.20,184.90,7.90,219.40,0.80,2.80,1.70,42.30,841.30,0.10,0.60,317.90,0.00,13.60,4.40,21.20,1.10,2221.20,520.10,0.70,13.00,2112.70,339.40,10.20,24.00,0.00,146.10,535.90,20.60,1388.80,2057.20
_,4,Diarrhoeal diseases,_,1126.10,1.00,161.90,2812.50,0.10,23.90,1.90,4.10,1.50,43.60,0.40,0.60,1116.30,0.30,1.60,4.90,0.80,514.10,9.00,84.80,0.40,27.60,383.60,0.30,1.60,797.80,644.50,113.50,1081.50,28.10,2.50,346.50,1518.00,7.30,732.90,70.80,29.90,89.10,5.40,1145.10,0.80,13.70,0.50,4.80,66.00,4128.70,3.20,25.90,37.20,44.30,402.20,17.00,26.00,168.60,0.20,3284.80,3.50,0.50,39.60,25.20,62.10,1.90,79.00,515.50,0.40,0.20,163.20,548.10,74.40,5.90,235.70,50.00,7.20,0.10,21265.10,2430.00,131.80,243.60,0.70,3.80,11.00,3.20,42.60,14.60,36.60,1749.20,2.00,1.70,20.60,138.20,0.30,5.00,77.40,155.60,8.10,0.80,0.10,633.20,518.90,27.90,0.50,990.00,0.00,145.80,1.60,182.60,0.60,10.00,0.00,120.80,1232.10,563.20,44.60,359.60,8.30,1.40,27.80,1218.70,12746.70,2.00,3.80,4752.70,13.50,139.30,25.90,92.00,711.90,4.30,2.90,0.70,16.20,1.10,6.10,43.30,227.90,0.20,0.10,0.40,3.30,31.10,368.80,2.50,0.10,435.80,1.10,1.00,0.20,4.20,1288.80,677.90,813.30,10.60,26.50,1031.40,1.00,35.00,3.30,2.20,91.90,98.60,115.50,0.40,26.60,255.80,0.30,1.40,16.20,74.80,49.40,1211.50,13.80,3.70,28.70,1830.20,202.00,3.00,156.30,3.00,79.50,302.20,312.80,594.90,510.00
_,5,Childhood-cluster diseases,_,395.00,0.90,27.30,312.80,0.00,6.20,0.30,0.20,0.10,4.80,0.00,0.00,107.90,0.00,0.80,0.20,0.00,76.70,1.20,27.80,0.60,1.90,15.40,0.00,0.30,98.50,78.10,33.30,224.80,0.50,0.30,115.20,263.70,1.20,227.30,4.00,6.20,112.50,0.10,193.00,0.00,0.10,0.00,0.00,7.40,627.70,0.00,11.90,5.10,9.10,127.60,3.30,16.20,86.30,0.00,2910.80,0.50,0.00,0.40,13.70,16.80,0.50,0.30,108.10,0.10,0.00,8.60,187.20,60.20,0.00,44.50,5.40,0.00,0.00,4898.70,750.80,26.30,40.00,0.00,0.00,0.60,0.70,0.40,4.50,5.30,438.90,0.10,0.00,2.80,28.40,0.00,0.80,10.70,120.10,2.10,0.10,0.00,147.50,86.80,14.40,0.10,259.10,0.00,20.70,0.00,7.00,0.00,9.50,0.00,16.90,191.40,73.40,7.30,77.00,0.10,0.00,4.10,333.70,4217.80,0.00,1.50,1183.90,0.20,56.90,14.70,15.00,313.20,0.20,0.10,0.30,0.30,0.00,0.30,15.60,44.70,0.00,0.00,0.10,2.50,9.70,62.40,0.00,0.00,335.50,0.00,0.00,0.00,1.70,1019.10,52.20,316.20,0.50,6.30,429.70,0.00,3.30,0.00,0.10,26.70,7.30,15.20,0.00,8.40,53.70,0.00,0.00,3.70,6.40,2.90,234.60,7.50,2.00,0.80,252.30,2.30,0.50,14.70,0.90,3.60,35.90,117.10,89.10,65.50
_,_,a.,Whooping cough,123.70,0.40,17.20,83.90,0.00,6.00,0.30,0.20,0.10,3.30,0.00,0.00,50.50,0.00,0.70,0.20,0.00,37.20,0.20,24.90,0.10,0.70,10.80,0.00,0.00,57.40,37.20,28.60,83.10,0.50,0.20,24.90,91.30,1.10,144.10,3.00,3.20,13.90,0.10,84.20,0.00,0.00,0.00,0.00,3.60,343.80,0.00,0.80,4.10,4.90,36.40,2.10,3.20,18.70,0.00,417.50,0.30,0.00,0.20,4.60,6.70,0.50,0.20,68.30,0.00,0.00,8.20,56.50,5.60,0.00,35.10,3.40,0.00,0.00,469.70,112.80,22.80,23.10,0.00,0.00,0.10,0.70,0.20,3.30,4.70,139.80,0.00,0.00,2.30,19.40,0.00,0.70,5.20,16.30,1.70,0.10,0.00,69.10,46.40,8.30,0.10,78.80,0.00,13.00,0.00,6.50,0.00,1.00,0.00,11.70,101.60,17.90,6.00,48.20,0.10,0.00,2.10,93.50,1021.90,0.00,1.40,488.00,0.20,21.20,13.60,10.20,240.30,0.00,0.10,0.20,0.10,0.00,0.00,15.30,29.30,0.00,0.00,0.10,0.10,8.80,45.10,0.00,0.00,19.20,0.00,0.00,0.00,1.50,76.00,19.00,53.50,0.50,3.00,128.90,0.00,2.80,0.00,0.10,10.80,4.70,5.70,0.00,5.80,24.60,0.00,0.00,1.60,1.40,1.60,149.70,4.70,1.10,0.70,169.10,2.20,0.40,9.40,0.60,3.10,13.70,77.50,52.60,9.90
_,_,b.,Diphtheria,9.80,0.00,0.10,1.70,0.00,0.00,0.00,0.00,0.00,0.00,0.00,0.00,0.20,0.00,0.00,0.00,0.00,0.70,0.00,0.10,0.00,0.00,0.20,0.00,0.00,0.40,0.20,0.10,1.50,0.00,0.00,2.20,23.70,0.00,NA,0.00,0.00,0.10,0.00,1.80,0.00,0.00,0.00,0.00,0.00,6.10,0.00,0.10,0.00,0.00,0.20,0.00,0.20,0.00,0.00,7.30,0.00,0.00,0.00,0.00,0.00,0.00,0.00,0.30,0.00,0.00,0.10,2.10,0.10,0.00,0.60,0.00,0.00,0.00,7.30,1.40,0.00,0.20,0.00,0.00,0.00,0.00,0.00,0.00,0.00,0.60,0.00,0.00,0.00,0.20,0.00,0.00,0.00,0.20,0.00,0.00,0.00,0.20,0.20,0.00,0.00,2.30,0.00,0.20,0.00,0.10,0.00,0.00,0.00,0.00,0.90,0.20,0.00,0.10,0.00,0.00,0.00,1.20,126.70,0.00,0.00,3.40,0.00,0.20,0.00,0.10,1.40,0.00,0.00,0.00,0.00,0.00,0.00,0.20,0.10,0.00,0.00,0.00,0.00,0.00,0.20,0.00,0.00,0.40,0.00,0.00,0.00,0.00,4.40,0.70,10.80,0.00,0.00,3.50,0.00,0.00,0.00,0.00,0.10,0.10,0.00,0.00,0.00,0.20,0.00,0.00,0.00,0.20,0.00,0.90,0.20,0.00,0.00,0.60,0.10,0.00,0.20,0.00,0.00,0.10,0.80,0.30,0.30
_,_,c.,Measles,179.60,0.20,5.90,36.80,0.00,0.00,0.00,0.00,0.00,0.00,0.00,0.00,2.30,0.00,0.00,0.00,0.00,26.80,0.40,0.00,0.40,0.70,0.10,0.00,0.20,17.00,7.80,1.50,115.20,0.00,0.00,58.50,37.10,0.00,51.90,0.00,1.10,96.80,0.00,49.60,0.00,0.00,0.00,0.00,1.80,138.00,0.00,9.20,0.00,0.00,32.70,0.00,11.30,62.00,0.00,2234.60,0.10,0.00,0.20,8.30,7.20,0.00,0.10,7.50,0.00,0.00,0.00,103.30,49.20,0.00,0.00,0.00,0.00,0.00,3627.80,477.10,0.90,3.40,0.00,0.00,0.00,0.00,0.00,0.00,0.00,89.40,0.10,0.00,0.00,1.40,0.00,0.00,2.90,98.60,0.30,0.00,0.00,59.10,24.10,0.70,0.00,130.00,0.00,1.30,0.00,0.00,0.00,8.30,0.00,0.30,40.60,30.10,0.80,7.80,0.00,0.00,0.00,206.50,2341.20,0.00,0.00,59.10,0.00,30.30,0.00,0.00,31.00,0.00,0.00,0.00,0.00,0.00,0.10,0.00,1.30,0.00,0.00,0.00,2.10,0.50,9.80,0.00,0.00,303.00,0.00,0.00,0.00,0.10,775.00,31.30,99.70,0.00,0.70,248.10,0.00,0.30,0.00,0.00,12.10,0.00,1.80,0.00,1.70,19.40,0.00,0.00,0.10,3.40,0.00,43.20,2.40,0.20,0.00,11.90,0.00,0.00,0.00,0.20,0.00,5.00,18.30,12.80,43.20
_,_,d.,Tetanus,81.90,0.30,4.30,190.50,0.00,0.10,0.00,0.00,0.00,1.50,0.00,0.00,54.80,0.00,0.00,0.00,0.00,12.00,0.60,2.90,0.00,0.50,4.40,0.00,0.00,23.70,32.90,3.10,24.90,0.00,0.10,29.60,111.60,0.00,31.40,1.00,1.80,1.60,0.00,57.40,0.00,0.00,0.00,0.00,2.00,139.90,0.00,1.90,1.00,4.20,58.20,1.10,1.50,5.60,0.00,251.40,0.10,0.00,0.00,0.80,2.90,0.00,0.00,32.10,0.10,0.00,0.30,25.30,5.30,0.00,8.80,2.00,0.00,0.00,793.90,159.50,2.60,13.20,0.00,0.00,0.40,0.00,0.10,1.20,0.50,209.10,0.00,0.00,0.50,7.30,0.00,0.00,2.50,5.10,0.10,0.00,0.00,19.10,16.10,5.40,0.00,48.00,0.00,6.30,0.00,0.40,0.00,0.20,0.00,4.90,48.40,25.20,0.40,20.90,0.00,0.00,1.90,32.40,727.90,0.00,0.00,633.40,0.00,5.20,1.00,4.70,40.50,0.10,0.00,0.00,0.10,0.00,0.20,0.20,14.00,0.00,0.00,0.00,0.30,0.50,7.40,0.00,0.00,12.80,0.00,0.00,0.00,0.10,163.60,1.20,152.20,0.00,2.60,49.10,0.00,0.20,0.00,0.00,3.70,2.60,7.60,0.00,1.00,9.40,0.00,0.00,2.00,1.40,1.20,40.80,0.20,0.60,0.00,70.70,0.00,0.00,5.10,0.10,0.40,17.00,20.60,23.50,12.10
_,6,Meningitis,_,304.90,1.20,45.40,606.20,0.00,27.00,1.20,2.80,1.30,5.20,0.20,0.50,199.90,0.10,3.30,2.20,0.20,198.00,1.80,31.10,0.60,4.40,122.00,0.30,2.60,352.00,184.90,42.10,391.00,4.60,0.90,131.00,607.30,6.30,445.60,25.40,8.90,31.40,1.50,648.50,0.90,3.90,0.10,2.10,18.80,1498.80,1.00,9.60,8.70,10.20,51.80,6.40,10.20,47.40,0.30,1278.50,1.60,0.70,11.50,9.00,30.60,2.20,9.80,399.80,2.10,0.00,19.60,266.50,32.30,0.80,79.70,6.30,2.60,0.00,2874.10,401.80,52.60,50.40,0.80,1.40,7.40,0.80,16.50,4.30,12.90,412.90,0.70,1.80,5.50,23.00,0.50,2.50,14.30,67.00,3.80,1.20,0.00,172.10,150.20,22.40,0.20,407.40,0.10,37.40,0.50,27.00,0.20,2.40,0.10,30.30,340.20,154.30,8.30,62.60,2.10,1.20,6.00,546.90,4435.30,0.70,1.70,877.90,2.70,33.20,9.10,24.90,156.80,9.40,1.70,0.70,5.50,1.70,4.90,74.10,110.90,0.10,0.00,0.20,0.60,13.70,139.60,1.60,0.20,224.70,0.50,1.60,0.30,1.70,361.70,141.90,261.90,6.90,18.10,210.90,0.60,6.40,1.20,0.70,17.50,30.90,83.60,0.50,5.50,111.10,0.30,0.80,5.40,46.30,9.20,525.00,21.40,6.10,12.30,525.80,37.10,0.70,22.90,0.50,18.40,57.40,66.80,185.30,123.30
_,7,Encephalitis,_,14.10,1.20,29.70,31.20,0.00,11.10,0.90,1.60,0.90,4.90,0.10,0.30,118.50,0.10,2.30,1.20,0.20,14.20,1.50,8.10,0.60,0.50,23.70,0.10,2.50,14.60,19.10,17.20,30.10,2.40,0.20,4.70,34.50,2.70,254.80,20.50,1.60,2.20,1.20,50.80,0.60,2.40,0.10,1.20,14.80,73.90,0.30,0.90,2.10,7.80,68.30,1.10,0.50,5.90,0.30,246.00,0.30,0.60,7.30,0.70,2.70,1.10,7.60,30.70,0.60,0.00,5.20,16.00,4.70,1.10,13.50,3.10,0.90,0.00,2764.60,233.80,10.10,24.40,0.30,0.70,9.20,0.80,12.40,1.60,10.50,73.20,0.00,0.60,4.60,5.50,0.70,1.00,0.80,5.10,1.40,1.10,0.10,22.80,12.50,15.00,0.10,22.00,0.10,4.90,0.40,47.30,0.00,1.50,0.10,11.70,45.50,79.40,0.80,45.90,1.00,0.40,3.00,21.40,330.60,0.40,1.60,162.70,1.10,12.90,2.30,24.20,85.00,5.90,1.10,0.30,6.80,1.80,5.40,56.30,11.20,0.10,0.00,0.00,0.20,6.30,11.10,2.40,0.00,10.80,0.40,0.50,0.20,0.20,38.00,13.30,16.70,4.70,14.60,35.40,0.40,0.40,0.50,0.70,3.80,10.50,24.60,0.40,1.30,10.10,0.00,0.50,3.00,26.10,6.20,44.40,13.90,1.20,6.00,68.50,24.80,1.70,48.60,0.00,5.50,75.70,17.20,9.90,27.70
_,8,Hepatitis,_,30.80,0.20,18.50,46.70,0.00,6.90,0.60,3.40,1.00,2.50,0.10,0.70,115.90,0.10,1.30,1.20,0.00,23.60,1.70,4.70,0.60,0.40,53.50,0.30,1.30,38.00,17.70,8.90,52.40,4.10,0.20,6.80,39.80,2.20,372.50,7.70,0.80,2.50,0.70,89.40,0.70,2.80,0.10,1.10,14.10,66.90,0.40,1.10,3.80,2.70,58.20,0.50,0.70,5.00,0.20,115.10,0.30,0.20,7.30,0.60,3.20,1.20,9.80,52.70,3.80,0.00,3.00,28.70,3.40,0.20,7.60,1.10,1.80,0.10,3853.50,259.00,25.20,10.70,0.50,0.90,14.70,0.40,22.20,1.60,5.80,39.10,0.10,0.60,4.90,4.10,0.40,1.10,0.60,5.90,1.40,0.30,0.00,14.70,12.60,9.80,0.10,33.10,0.10,4.50,0.30,24.90,0.00,1.40,0.10,21.60,44.90,53.60,0.40,31.40,1.30,0.60,1.50,29.10,425.00,0.30,1.20,260.60,0.60,4.10,1.00,6.40,59.20,3.10,1.70,0.40,33.70,0.60,1.90,14.30,13.80,0.00,0.00,0.00,0.20,6.20,17.70,1.90,0.00,30.20,0.20,0.60,0.10,0.30,18.50,12.20,16.50,5.50,1.60,33.50,0.10,0.40,0.70,0.80,13.50,8.10,22.50,0.30,0.40,14.30,0.00,0.30,2.50,26.40,6.20,45.70,7.70,1.50,4.40,59.30,41.70,0.40,68.20,0.10,4.50,26.70,13.60,14.50,5.40
_,_,a.,Acute hepatitis A,11.20,0.10,3.00,17.30,0.00,2.20,0.20,1.30,0.20,0.80,0.00,0.10,9.80,0.00,0.30,0.40,0.00,0.00,0.20,1.30,0.10,0.10,12.70,0.00,0.40,6.10,2.30,1.20,7.30,0.60,0.00,1.20,6.50,0.70,53.80,2.30,0.10,0.60,0.30,8.90,0.10,0.40,0.00,0.30,1.50,19.90,0.00,0.10,0.90,0.90,9.80,0.20,0.20,0.40,0.00,10.90,0.00,0.10,2.00,0.10,0.50,0.20,2.10,7.40,0.50,0.00,1.20,3.10,0.40,0.10,2.10,0.30,0.20,0.00,443.40,17.80,4.60,4.10,0.20,0.30,2.30,0.10,1.20,0.50,1.30,4.10,0.00,0.10,1.90,1.20,0.10,0.20,0.10,0.70,0.20,0.10,0.00,1.10,2.50,1.30,0.00,4.60,0.00,0.80,0.10,10.20,0.00,0.40,0.00,2.80,6.20,5.30,0.10,3.40,0.30,0.10,0.60,6.40,66.00,0.10,0.10,78.80,0.30,0.60,0.30,1.60,9.50,1.10,0.40,0.10,1.60,0.10,0.70,5.20,1.60,0.00,0.00,0.00,0.00,1.00,1.50,0.20,0.00,2.80,0.10,0.20,0.10,0.00,2.10,2.50,1.80,1.50,0.30,10.80,0.00,0.10,0.10,0.30,1.50,3.40,2.30,0.10,0.10,1.70,0.00,0.10,0.40,4.90,1.80,6.00,1.40,0.30,1.80,8.60,11.50,0.10,37.90,0.00,1.70,3.30,3.00,2.40,1.60
_,_,b.,Acute hepatitis B,12.70,0.10,11.80,14.20,0.00,4.40,0.30,1.60,0.80,1.20,0.10,0.50,63.80,0.10,0.90,0.80,0.00,10.70,1.20,3.00,0.40,0.20,37.90,0.20,0.90,16.30,8.80,5.20,23.80,3.30,0.10,3.00,15.00,1.40,259.00,4.90,0.50,1.10,0.40,41.80,0.60,2.30,0.10,0.80,9.90,23.90,0.40,0.70,2.70,1.50,38.30,0.30,0.30,3.30,0.20,66.90,0.20,0.10,5.10,0.30,1.40,0.70,7.30,27.10,3.10,0.00,1.60,13.50,1.50,0.10,4.90,0.60,1.50,0.00,1684.80,192.70,16.70,5.10,0.30,0.60,11.60,0.30,20.00,0.90,3.40,22.70,0.00,0.40,2.20,1.90,0.30,0.80,0.30,2.80,1.00,0.20,0.00,9.30,6.70,6.90,0.10,13.70,0.00,2.20,0.20,12.80,0.00,0.60,0.00,15.00,21.90,36.20,0.20,17.50,1.00,0.50,0.80,10.60,175.60,0.10,0.90,96.90,0.30,2.30,0.70,4.40,38.50,1.80,1.30,0.20,31.90,0.40,1.10,8.50,8.80,0.00,0.00,0.00,0.10,3.90,9.60,1.60,0.00,14.00,0.10,0.40,0.10,0.20,9.70,7.60,9.30,3.70,1.00,13.80,0.10,0.20,0.50,0.30,9.30,2.60,16.80,0.20,0.20,6.90,0.00,0.20,1.70,15.90,2.70,24.60,5.90,1.10,2.50,36.50,28.10,0.30,19.40,0.00,2.40,18.70,8.40,7.90,2.00
_,_,c.,Acute hepatitis C,0.30,0.00,0.40,0.80,0.00,0.30,0.00,0.40,0.00,0.10,0.00,0.00,1.60,0.00,0.00,0.10,0.00,0.60,0.00,0.30,0.00,0.00,2.40,0.00,0.00,1.10,0.40,0.30,1.50,0.10,0.00,0.20,0.90,0.00,9.50,0.40,0.00,0.10,0.10,2.60,0.00,0.00,0.00,0.00,0.40,1.60,0.00,0.00,0.20,0.10,1.80,0.00,0.00,0.10,0.00,2.70,0.00,0.00,0.20,0.00,0.10,0.10,0.30,1.70,0.20,0.00,0.20,0.80,0.10,0.00,0.50,0.10,0.00,0.00,40.60,7.10,0.40,0.10,0.00,0.00,0.80,0.00,0.80,0.00,0.20,1.00,0.00,0.00,0.10,0.10,0.00,0.00,0.00,0.20,0.00,0.00,0.00,0.30,0.40,0.40,0.00,0.80,0.00,0.10,0.00,1.60,0.00,0.00,0.00,0.40,1.40,1.50,0.00,0.50,0.00,0.00,0.10,0.70,12.30,0.00,0.00,5.10,0.00,0.10,0.00,0.30,1.40,0.10,0.10,0.00,0.20,0.00,0.10,0.40,0.40,0.00,0.00,0.00,0.00,0.10,0.60,0.00,0.00,0.70,0.00,0.00,0.00,0.00,0.40,0.30,0.40,0.30,0.00,0.40,0.00,0.00,0.00,0.10,0.30,0.20,0.80,0.00,0.00,0.40,0.00,0.00,0.10,0.40,0.20,1.20,0.30,0.00,0.10,1.40,1.70,0.00,0.80,0.00,0.40,1.00,0.30,0.40,0.10
_,_,d.,Acute hepatitis E,6.60,0.00,3.30,14.40,0.00,0.00,0.10,0.00,0.00,0.40,0.00,0.10,40.70,0.00,0.00,0.00,0.00,8.60,0.30,0.10,0.00,0.10,0.50,0.00,0.00,14.50,6.20,2.20,19.70,0.00,0.00,2.50,17.40,0.10,50.20,0.10,0.20,0.70,0.00,36.20,0.00,0.00,0.00,0.00,2.30,21.60,0.00,0.30,0.00,0.10,8.30,0.00,0.20,1.10,0.00,34.60,0.10,0.00,0.10,0.20,1.20,0.20,0.10,16.50,0.00,0.00,0.00,11.30,1.40,0.00,0.10,0.00,0.00,0.00,1684.70,41.30,3.60,1.40,0.00,0.00,0.10,0.00,0.20,0.20,0.90,11.30,0.00,0.10,0.70,0.90,0.00,0.10,0.10,2.20,0.20,0.00,0.00,4.00,3.10,1.20,0.00,14.00,0.00,1.40,0.00,0.20,0.00,0.30,0.00,3.40,15.40,10.60,0.10,10.10,0.00,0.00,0.00,11.40,171.10,0.00,0.10,79.90,0.00,1.10,0.00,0.20,9.80,0.10,0.00,0.00,0.10,0.00,0.10,0.20,3.00,0.00,0.00,0.00,0.10,1.20,6.00,0.00,0.00,12.70,0.00,0.00,0.00,0.10,6.40,1.90,5.10,0.10,0.20,8.50,0.00,0.10,0.00,0.00,2.30,1.80,2.50,0.00,0.10,5.20,0.00,0.00,0.20,5.20,1.60,14.00,0.20,0.10,0.10,12.80,0.40,0.00,10.10,0.00,0.10,3.70,1.90,3.80,1.80
_,9,Parasitic and vector diseases,_,79.10,0.20,39.70,1509.80,0.00,42.20,0.20,1.40,0.10,1.20,0.10,0.00,272.30,0.20,0.60,0.10,0.10,591.40,0.70,21.90,0.30,4.10,279.40,0.20,0.70,1460.60,520.30,51.90,1051.10,0.40,0.40,403.90,791.40,7.70,924.80,33.90,5.70,149.80,0.90,1585.50,0.10,2.00,0.00,0.10,2.60,5293.80,0.00,5.90,14.60,7.90,37.70,2.90,37.00,53.30,0.00,1416.80,0.90,0.00,1.00,47.50,58.40,0.80,1.40,1190.10,0.10,0.00,12.50,1228.00,66.00,2.70,47.50,8.70,0.20,0.00,5092.10,1320.20,10.80,25.40,0.00,0.20,1.00,0.50,2.90,1.00,1.10,1102.50,0.20,0.10,1.60,31.50,0.10,0.50,2.40,284.20,4.20,0.10,0.00,771.30,690.60,38.30,0.30,1990.20,0.00,93.40,0.30,40.50,0.10,2.10,0.00,10.90,1676.90,203.40,6.10,62.80,0.20,0.10,3.90,1055.90,12666.50,0.00,0.60,234.40,1.40,151.20,6.30,22.80,363.70,0.80,0.20,0.00,2.00,0.30,1.80,9.70,240.90,0.10,0.00,0.20,6.40,3.50,301.50,0.30,0.10,745.80,0.80,0.10,0.00,4.90,274.20,105.30,599.40,1.40,24.50,795.10,0.70,4.00,0.00,0.20,4.80,3.00,52.80,0.00,3.80,416.30,0.10,1.50,1.50,14.70,1.10,1359.50,3.30,0.20,0.60,1589.80,6.60,0.50,3.70,0.90,48.60,113.00,102.50,673.70,257.10
_,_,a.,Malaria,16.70,0.00,0.10,1248.90,0.00,0.00,0.00,0.10,0.00,0.00,0.00,0.00,7.70,0.00,0.00,0.00,0.00,521.20,0.10,0.60,0.00,0.60,8.70,0.00,0.00,1361.60,422.70,12.00,835.10,0.00,0.00,324.80,619.30,0.00,2.10,4.30,3.30,112.30,0.00,1344.20,0.00,0.00,0.00,0.00,0.00,3998.00,0.00,1.50,0.40,0.90,0.00,0.00,29.80,10.50,0.00,417.10,0.00,0.00,0.00,28.30,48.40,0.00,0.00,1036.10,0.00,0.00,1.70,1089.10,52.40,1.50,12.00,0.80,0.00,0.00,1781.60,181.00,0.10,0.00,0.00,0.00,0.00,0.00,0.00,0.00,0.00,883.20,0.00,0.00,0.00,8.40,0.00,0.00,0.00,191.70,0.00,0.00,0.00,597.40,606.50,15.00,0.00,1884.40,0.00,74.30,0.00,0.00,0.00,0.00,0.00,0.00,1478.00,77.30,4.40,1.60,0.00,0.00,0.30,954.70,10518.10,0.00,0.00,55.80,0.10,105.30,0.00,0.70,57.60,0.00,0.00,0.00,0.00,0.00,0.00,0.00,193.90,0.00,0.00,0.00,5.80,0.20,261.20,0.00,0.00,656.80,0.00,0.00,0.00,4.50,173.40,14.90,254.70,0.00,0.00,255.40,0.00,0.00,0.00,0.00,0.00,0.00,18.90,0.00,0.60,387.30,0.00,0.00,0.00,0.00,0.00,1116.00,0.00,0.00,0.00,1271.80,0.00,0.00,0.00,0.40,13.30,11.00,71.10,559.90,195.60
_,_,b.,African Trypanosomiasis,NA,NA,NA,4.80,NA,NA,NA,NA,NA,NA,NA,NA,NA,NA,NA,NA,NA,NA,NA,NA,NA,NA,NA,NA,NA,NA,NA,NA,1.80,NA,NA,26.20,20.20,NA,NA,NA,NA,1.50,NA,5.30,NA,NA,NA,NA,NA,238.40,NA,NA,NA,NA,NA,NA,NA,NA,NA,NA,NA,NA,NA,3.70,NA,NA,NA,NA,NA,NA,NA,14.90,NA,NA,NA,NA,NA,NA,NA,NA,NA,NA,NA,NA,NA,NA,NA,NA,NA,NA,NA,NA,NA,NA,NA,NA,NA,NA,NA,NA,NA,NA,4.50,NA,NA,NA,NA,NA,NA,NA,NA,NA,NA,NA,NA,NA,NA,NA,NA,NA,NA,NA,NA,NA,NA,NA,NA,NA,NA,NA,NA,NA,NA,NA,NA,NA,NA,NA,NA,NA,NA,NA,NA,NA,NA,NA,NA,NA,NA,NA,NA,NA,NA,NA,4.40,NA,NA,NA,NA,NA,NA,NA,NA,NA,NA,NA,NA,NA,NA,NA,NA,NA,NA,42.70,NA,NA,NA,0.30,NA,NA,NA,NA,NA,NA,NA,2.20,0.80
_,_,c.,Chagas disease,NA,NA,NA,NA,0.00,27.00,NA,0.00,0.00,NA,0.00,NA,NA,0.00,NA,NA,0.00,NA,NA,14.60,NA,NA,154.20,NA,NA,NA,NA,NA,NA,0.10,NA,NA,NA,6.80,NA,9.00,NA,NA,0.10,NA,NA,NA,NA,NA,NA,NA,0.00,NA,0.00,1.20,NA,0.80,NA,NA,NA,NA,NA,NA,0.00,NA,NA,NA,0.00,NA,NA,0.00,0.90,NA,NA,0.00,0.00,0.50,NA,0.00,NA,NA,NA,NA,0.00,0.00,0.10,NA,0.10,NA,NA,NA,NA,NA,NA,NA,NA,NA,NA,NA,NA,NA,0.00,NA,NA,NA,NA,NA,NA,NA,NA,7.90,NA,NA,NA,NA,NA,NA,NA,NA,0.00,0.00,0.30,NA,NA,0.00,NA,NA,0.10,NA,1.10,1.00,0.00,NA,0.00,NA,NA,NA,NA,NA,NA,0.00,0.00,NA,NA,NA,NA,NA,NA,NA,NA,NA,NA,NA,NA,NA,NA,0.40,NA,NA,0.00,NA,0.00,0.00,NA,NA,NA,NA,NA,NA,NA,0.00,NA,NA,NA,NA,NA,NA,0.00,NA,2.00,0.40,NA,NA,23.80,NA,NA,NA,NA
_,_,d.,Schistosomiasis,NA,NA,29.40,130.70,0.00,NA,NA,NA,NA,NA,NA,NA,NA,NA,NA,NA,NA,38.20,NA,NA,NA,2.50,27.10,NA,NA,31.00,19.30,0.10,46.20,NA,NA,8.10,48.20,NA,13.40,NA,NA,18.30,NA,107.70,NA,NA,NA,NA,NA,235.70,NA,3.40,3.40,NA,23.90,NA,0.90,22.10,NA,434.90,NA,NA,NA,9.60,5.30,NA,NA,104.00,NA,NA,NA,65.60,7.00,NA,NA,NA,NA,NA,NA,1.40,NA,2.00,NA,NA,NA,NA,NA,0.70,NA,149.60,NA,NA,NA,0.10,NA,NA,NA,22.40,3.40,NA,NA,89.30,28.40,NA,NA,31.50,NA,12.80,0.10,0.40,NA,NA,NA,2.90,88.70,NA,0.50,NA,NA,NA,NA,18.40,931.30,NA,0.20,NA,NA,NA,NA,NA,13.10,NA,NA,NA,NA,NA,NA,NA,33.00,0.00,NA,NA,0.10,1.70,18.20,NA,NA,21.30,NA,NA,NA,NA,56.40,67.90,59.00,NA,NA,125.10,0.10,3.20,NA,NA,1.10,NA,NA,NA,NA,11.90,NA,NA,NA,NA,NA,63.70,NA,NA,NA,108.40,NA,NA,NA,NA,0.30,NA,12.10,64.20,33.10
_,_,e.,Leishmaniasis,15.70,0.20,4.30,0.00,0.00,0.00,0.00,NA,NA,0.20,0.00,0.00,60.80,0.00,NA,0.00,0.00,0.00,0.00,0.10,0.00,0.00,19.10,NA,NA,0.20,0.00,0.00,0.30,NA,0.00,0.00,0.60,0.00,16.10,0.50,0.00,0.00,0.00,0.80,0.00,0.00,0.00,NA,0.00,0.40,NA,0.20,0.00,0.20,0.90,0.00,0.00,1.10,NA,65.00,0.00,NA,0.00,0.00,0.00,0.40,NA,0.20,0.10,0.00,0.40,0.10,0.00,0.00,0.20,0.00,NA,NA,699.10,0.20,3.40,18.30,NA,0.00,0.20,0.00,NA,0.20,0.10,2.40,0.00,0.00,0.30,0.00,NA,0.10,0.00,0.00,0.10,NA,NA,0.10,2.40,0.00,0.00,0.30,0.00,0.10,0.00,0.30,0.00,0.00,0.00,2.30,5.30,0.10,0.00,20.30,NA,NA,0.00,0.40,7.60,NA,0.10,47.60,0.10,0.00,0.00,0.60,0.10,NA,0.10,0.00,NA,NA,NA,NA,0.00,0.00,0.00,0.00,0.00,0.40,0.20,NA,0.00,0.00,NA,NA,0.00,0.00,9.10,0.10,137.50,0.20,0.00,179.40,0.00,0.00,NA,NA,1.10,0.50,0.00,0.00,0.00,0.00,0.00,0.00,0.50,2.90,0.20,5.70,NA,0.00,NA,7.60,NA,0.00,0.40,0.00,0.30,0.10,5.30,4.00,0.00
_,_,f.,lymphatic filariasis,NA,NA,NA,21.90,NA,NA,NA,NA,NA,NA,NA,NA,89.80,NA,NA,NA,NA,4.50,NA,NA,NA,NA,1.90,0.00,NA,8.10,NA,0.40,24.20,NA,NA,5.90,11.60,NA,10.10,NA,1.30,4.10,NA,21.10,NA,NA,NA,NA,NA,93.30,NA,NA,0.20,NA,0.30,NA,0.70,9.10,NA,105.00,0.40,NA,NA,2.00,1.40,NA,NA,14.30,NA,NA,NA,9.70,2.50,0.90,15.50,NA,NA,NA,649.90,282.60,NA,NA,NA,NA,NA,NA,NA,NA,NA,9.30,0.10,NA,NA,0.10,NA,NA,NA,3.80,NA,NA,NA,47.80,29.60,1.00,0.00,31.80,NA,NA,NA,NA,0.00,NA,NA,NA,52.00,39.70,NA,9.50,NA,NA,NA,9.70,194.90,NA,NA,NA,NA,30.60,NA,NA,9.70,NA,NA,NA,NA,NA,NA,NA,NA,NA,NA,0.10,0.30,NA,7.70,NA,NA,3.20,NA,NA,NA,NA,NA,NA,5.90,NA,5.00,31.80,NA,NA,NA,NA,NA,NA,0.00,NA,1.30,0.50,0.00,NA,NA,NA,NA,18.10,NA,NA,NA,101.50,NA,NA,NA,0.30,NA,0.60,0.00,20.90,11.00
_,_,g.,Onchocerciasis,NA,NA,NA,7.70,NA,NA,NA,NA,NA,NA,NA,NA,NA,NA,NA,NA,NA,5.30,NA,NA,NA,NA,NA,NA,NA,NA,12.60,NA,88.20,NA,NA,23.50,14.00,NA,NA,NA,NA,1.90,NA,NA,NA,NA,NA,NA,NA,535.10,NA,NA,NA,NA,NA,NA,1.60,NA,NA,31.20,NA,NA,NA,NA,NA,NA,NA,NA,NA,NA,NA,NA,NA,NA,NA,NA,NA,NA,NA,NA,NA,NA,NA,NA,NA,NA,NA,NA,NA,NA,NA,NA,NA,NA,NA,NA,NA,51.20,NA,NA,NA,NA,5.90,NA,NA,NA,NA,NA,NA,NA,NA,NA,NA,NA,NA,NA,NA,NA,NA,NA,NA,NA,203.00,NA,NA,NA,NA,NA,NA,NA,NA,NA,NA,NA,NA,NA,NA,NA,NA,NA,NA,NA,NA,NA,NA,NA,NA,20.10,NA,NA,NA,NA,NA,NA,90.40,NA,NA,NA,NA,NA,NA,NA,NA,NA,NA,NA,NA,0.20,NA,NA,NA,NA,NA,24.60,NA,NA,NA,19.10,NA,NA,NA,NA,NA,NA,NA,NA,NA
_,_,h.,Cysticercosis,1.40,0.00,0.20,33.80,0.00,0.10,0.10,0.20,0.00,0.00,0.00,0.00,16.80,0.00,0.00,0.00,0.00,9.10,0.20,1.90,0.00,0.80,12.90,0.00,0.00,11.50,16.70,12.20,33.90,0.00,0.30,10.30,23.00,0.20,329.20,3.30,0.30,2.90,0.30,59.60,0.00,0.50,0.00,0.00,1.80,100.50,0.00,0.30,0.50,1.50,0.20,0.60,0.80,6.20,0.00,148.20,0.10,0.00,0.10,0.80,0.60,0.00,0.10,13.90,0.00,0.00,3.60,15.20,1.60,0.10,10.20,2.60,0.00,0.00,266.90,2.00,0.00,0.20,0.00,0.00,0.00,0.10,0.90,0.00,0.00,35.10,0.00,0.00,0.00,6.20,0.00,0.00,1.80,4.40,0.00,0.00,0.00,24.10,8.40,0.70,0.00,16.90,0.00,1.90,0.00,13.80,0.00,1.90,0.00,0.10,29.60,12.20,1.00,7.40,0.00,0.00,0.90,11.70,250.00,0.00,0.00,5.60,0.40,10.90,0.60,6.20,24.70,0.10,0.00,0.00,1.10,0.10,0.10,0.30,7.50,0.00,0.00,0.00,0.10,0.00,4.00,0.10,0.00,6.40,0.00,0.00,0.00,0.30,6.30,18.50,14.80,0.10,0.30,1.50,0.10,0.50,0.00,0.00,0.00,0.00,0.40,0.00,0.20,9.90,0.00,0.10,0.00,0.00,0.00,40.00,0.20,0.00,0.00,41.50,0.80,0.00,0.00,0.10,3.10,35.30,0.90,11.50,11.80
_,_,i.,Echinococcosis,0.90,0.00,0.90,0.80,0.00,2.30,0.10,0.20,0.10,0.20,0.00,0.00,2.30,0.00,0.50,0.00,0.00,0.30,0.00,0.30,0.30,0.10,1.30,0.00,0.70,0.50,0.50,3.90,0.70,0.10,0.00,0.20,0.40,0.60,483.70,0.30,0.00,0.10,0.00,1.30,0.00,0.10,0.00,0.10,0.40,2.40,0.00,0.10,0.10,0.10,1.40,0.10,0.00,0.20,0.00,3.50,0.00,0.00,0.40,0.00,0.00,0.10,0.80,0.70,0.00,0.00,0.10,0.30,0.00,0.00,0.30,0.00,0.20,0.00,26.20,1.50,1.90,0.70,0.00,0.10,0.30,0.00,1.00,0.20,0.80,1.50,0.00,0.10,1.00,1.70,0.10,0.40,0.10,0.10,0.50,0.10,0.00,0.70,0.60,0.30,0.00,0.40,0.00,0.10,0.00,0.50,0.00,0.10,0.00,1.30,1.30,1.30,0.10,3.00,0.10,0.00,0.10,0.40,5.20,0.00,0.10,6.00,0.00,0.10,0.10,2.60,0.90,0.40,0.00,0.00,0.60,0.20,1.60,9.10,1.40,0.00,0.00,0.00,0.00,0.60,0.30,0.20,0.00,0.20,0.00,0.00,0.00,0.00,0.60,0.60,1.10,0.30,0.10,5.90,0.00,0.00,0.00,0.20,1.60,1.80,0.40,0.00,0.00,0.20,0.00,0.00,0.90,6.90,0.20,5.10,2.80,0.20,0.10,2.40,0.90,0.20,2.80,0.00,0.10,10.40,0.70,0.60,0.40
_,_,j.,Dengue,1.30,NA,NA,3.20,0.00,0.10,NA,0.10,NA,NA,0.00,NA,30.20,0.20,NA,NA,0.10,1.50,0.10,1.50,NA,NA,49.50,0.20,NA,1.00,0.60,12.40,2.40,NA,0.00,0.40,0.90,0.00,5.90,16.20,0.10,0.20,0.50,5.40,NA,1.40,NA,NA,NA,5.70,NA,0.00,9.60,3.70,1.00,1.30,0.10,0.10,NA,3.50,0.10,NA,NA,0.10,0.20,NA,NA,4.00,NA,0.00,5.10,0.80,0.20,0.20,3.30,4.60,NA,NA,1150.00,799.00,NA,NA,NA,NA,NA,0.40,NA,NA,NA,2.60,0.10,NA,0.00,6.90,NA,NA,NA,0.40,NA,NA,NA,0.70,0.70,20.30,0.30,0.90,NA,0.10,0.10,12.10,0.00,NA,NA,NA,1.50,43.00,NA,1.90,NA,NA,2.30,0.70,26.50,NA,0.00,20.20,0.70,0.40,2.80,1.60,223.00,NA,NA,NA,NA,NA,NA,NA,0.40,0.10,0.00,0.00,0.00,0.20,0.90,NA,0.10,1.10,0.70,NA,NA,0.00,0.40,NA,0.30,NA,18.00,2.00,0.60,NA,NA,NA,0.00,0.00,32.40,NA,0.50,0.80,0.10,1.40,NA,NA,0.00,3.00,NA,NA,NA,2.60,0.50,NA,0.10,0.00,7.40,35.60,0.70,0.70,1.10
_,_,k.,Trachoma,1.30,NA,2.10,NA,NA,NA,NA,0.60,NA,NA,NA,NA,NA,NA,NA,NA,NA,0.40,NA,NA,NA,0.10,3.90,NA,NA,1.10,0.20,1.10,0.80,NA,NA,0.20,0.90,NA,24.70,NA,NA,NA,NA,1.20,NA,NA,NA,NA,NA,NA,NA,0.10,NA,NA,8.20,NA,NA,0.30,NA,17.30,0.20,NA,NA,NA,0.00,NA,NA,1.30,NA,NA,0.50,0.90,0.20,NA,NA,NA,NA,NA,145.90,NA,4.60,1.50,NA,NA,NA,NA,NA,NA,NA,1.70,0.00,NA,NA,0.10,NA,NA,NA,NA,0.20,NA,NA,NA,0.90,NA,NA,2.00,NA,0.30,NA,4.90,NA,NA,NA,1.90,2.20,4.40,0.10,1.50,NA,NA,NA,2.00,9.20,NA,0.20,8.70,NA,1.20,NA,NA,NA,NA,NA,NA,NA,NA,NA,NA,NA,NA,NA,NA,NA,NA,0.90,NA,NA,NA,NA,NA,NA,0.10,0.90,NA,0.40,NA,NA,2.20,NA,NA,NA,NA,NA,NA,NA,NA,NA,0.50,NA,NA,NA,NA,NA,1.10,NA,NA,NA,3.80,NA,NA,NA,0.00,NA,4.90,1.60,0.40,0.90
_,_,l.,Yellow fever,NA,NA,NA,29.80,NA,12.30,NA,NA,NA,NA,NA,NA,NA,NA,NA,NA,NA,8.10,NA,0.70,NA,NA,0.00,NA,NA,26.50,30.90,NA,5.30,NA,NA,1.60,16.00,NA,NA,0.00,NA,7.30,NA,14.70,NA,NA,NA,NA,NA,39.00,NA,NA,NA,0.00,NA,NA,2.30,0.30,NA,72.50,NA,NA,NA,2.70,1.90,NA,NA,10.90,NA,NA,NA,14.80,1.00,0.00,NA,NA,NA,NA,NA,NA,NA,NA,NA,NA,NA,NA,NA,NA,NA,7.10,NA,NA,NA,NA,NA,NA,NA,8.60,NA,NA,NA,NA,NA,NA,NA,5.80,NA,2.50,NA,NA,NA,NA,NA,NA,NA,NA,NA,NA,NA,NA,NA,6.20,308.70,NA,NA,NA,0.00,NA,1.50,9.50,NA,NA,NA,NA,NA,NA,NA,NA,1.90,NA,NA,NA,0.10,NA,4.00,NA,NA,27.60,NA,NA,NA,NA,1.30,NA,15.20,NA,NA,126.60,0.00,NA,NA,NA,NA,NA,NA,NA,NA,1.40,NA,0.00,NA,NA,NA,18.30,NA,NA,NA,9.20,NA,NA,NA,NA,0.00,NA,NA,1.70,NA
_,_,m.,Rabies,41.70,0.00,2.90,28.10,0.00,0.20,0.00,0.30,0.00,0.70,0.00,0.00,64.60,0.00,0.00,0.00,0.00,2.70,0.30,2.30,0.00,0.00,0.90,0.00,0.00,19.20,16.70,9.70,12.10,0.20,0.20,2.70,36.20,0.10,39.70,0.30,0.60,1.10,0.00,24.20,0.00,0.00,0.00,0.00,0.40,45.40,0.00,0.20,0.30,0.30,1.80,0.10,0.80,3.40,0.00,118.60,0.00,0.00,0.40,0.10,0.50,0.30,0.50,4.90,0.00,0.00,0.20,16.60,1.10,0.00,5.90,0.10,0.00,0.00,372.50,52.40,0.80,2.80,0.00,0.00,0.30,0.00,0.90,0.00,0.30,10.00,0.00,0.00,0.30,7.90,0.00,0.00,0.60,1.70,0.00,0.00,0.00,11.20,2.70,1.00,0.00,16.10,0.00,1.20,0.00,0.60,0.00,0.00,0.00,2.40,18.30,25.50,0.00,17.50,0.10,0.00,0.00,51.60,211.90,0.00,0.00,90.50,0.00,2.70,0.10,0.50,34.60,0.30,0.00,0.00,0.30,0.00,0.20,0.30,2.90,0.00,0.00,0.00,0.00,0.30,4.00,0.00,0.00,9.10,0.00,0.00,0.00,0.00,25.70,3.30,15.60,0.30,1.00,65.20,0.00,0.20,0.00,0.00,1.00,0.60,0.60,0.00,1.20,3.70,0.00,0.00,0.10,5.00,0.70,21.30,0.40,0.00,0.40,21.50,2.40,0.00,0.50,0.00,0.20,15.20,10.20,7.50,2.30
_,10,Intestinal nematode infections,_,36.60,NA,0.80,33.00,0.00,7.30,0.00,NA,NA,0.10,0.00,0.00,272.50,0.00,NA,NA,0.00,4.20,0.10,18.20,NA,2.20,76.50,NA,NA,4.70,12.40,5.40,23.10,NA,0.00,7.60,12.80,2.50,1125.90,62.40,1.20,8.00,2.70,15.90,NA,10.00,NA,NA,7.70,109.00,NA,0.30,0.00,23.00,36.00,1.60,1.80,0.60,NA,81.80,4.00,NA,NA,3.10,0.40,0.00,NA,5.10,NA,0.10,34.10,14.40,0.70,0.10,0.90,9.20,NA,NA,627.10,105.40,2.50,0.10,NA,NA,NA,9.30,0.70,1.70,4.40,11.10,1.00,NA,1.80,9.90,NA,0.00,4.40,6.30,0.10,NA,NA,26.20,2.50,163.80,0.00,4.30,NA,0.40,0.00,26.60,0.10,0.40,NA,1.50,43.10,50.60,1.70,48.10,NA,NA,0.40,2.30,192.80,NA,0.00,60.40,0.30,35.40,1.80,43.80,237.00,NA,0.10,0.00,15.30,NA,NA,1.70,21.90,0.10,0.10,0.00,0.30,3.40,1.80,NA,0.20,5.90,NA,NA,NA,1.10,14.90,107.20,4.40,0.00,6.20,15.40,0.10,4.90,NA,NA,4.20,0.50,109.40,NA,0.40,1.70,0.00,0.00,0.20,1.10,0.10,15.30,0.20,0.00,NA,64.90,NA,NA,0.10,0.80,34.60,143.80,8.00,23.60,20.30
_,_,a.,Ascariasis,35.60,NA,0.70,15.10,NA,0.80,0.00,NA,NA,0.10,NA,NA,105.00,NA,NA,NA,0.00,2.20,0.10,0.50,NA,0.10,23.50,NA,NA,1.10,2.80,0.10,14.00,NA,NA,1.00,1.70,2.40,46.60,16.40,0.20,2.50,0.60,4.50,NA,2.30,NA,NA,2.10,33.70,NA,0.00,NA,9.20,2.00,0.10,0.90,0.20,NA,18.80,0.40,NA,NA,1.10,0.10,0.00,NA,1.30,NA,0.00,7.40,1.90,0.10,0.00,0.50,3.00,NA,NA,257.40,38.30,1.30,0.10,NA,NA,NA,0.90,NA,1.40,4.40,2.10,NA,NA,1.80,2.60,NA,NA,0.40,0.70,0.00,NA,NA,12.10,0.80,33.30,NA,0.40,NA,0.10,NA,9.90,0.10,NA,NA,1.20,4.70,12.50,0.00,4.30,NA,NA,0.20,1.50,133.50,NA,0.00,55.20,0.30,2.30,0.30,4.50,44.30,NA,NA,NA,NA,NA,NA,NA,5.90,0.00,0.00,NA,0.10,0.40,0.30,NA,0.00,2.20,NA,NA,NA,0.00,1.50,5.60,0.40,NA,0.70,2.60,0.00,0.40,NA,NA,3.30,0.50,0.80,NA,0.10,0.60,0.00,0.00,0.20,0.70,0.10,2.30,NA,NA,NA,3.40,NA,NA,NA,0.20,12.30,46.70,6.40,1.00,1.20
_,_,b.,Trichuriasis,0.40,NA,0.00,1.40,NA,0.00,NA,NA,NA,NA,NA,NA,29.00,NA,NA,NA,0.00,0.00,0.00,0.10,NA,0.20,9.30,NA,NA,0.00,0.20,NA,2.10,NA,0.00,0.10,0.00,0.10,12.60,5.30,0.40,1.40,0.20,0.30,NA,0.10,NA,NA,0.00,8.30,NA,0.10,NA,7.60,0.00,0.20,0.30,0.10,NA,9.30,2.20,NA,NA,0.70,0.00,NA,NA,0.00,NA,0.00,7.80,0.20,0.00,0.00,0.00,5.20,NA,NA,28.00,9.60,0.00,0.00,NA,NA,NA,7.70,NA,0.00,NA,0.30,1.00,NA,NA,1.50,NA,NA,2.10,0.30,0.00,NA,NA,7.80,0.00,91.00,NA,0.00,NA,0.00,NA,16.40,0.00,NA,NA,0.20,15.90,17.60,0.00,6.60,NA,NA,0.20,0.00,0.90,NA,0.00,0.10,NA,NA,0.00,4.90,131.70,NA,NA,NA,0.00,NA,NA,NA,1.30,0.00,0.00,0.00,0.10,0.00,0.10,NA,0.10,0.30,NA,NA,NA,0.10,2.70,44.50,0.00,NA,0.40,0.00,0.00,1.60,NA,NA,0.10,0.00,0.10,NA,0.00,0.00,0.00,0.00,0.00,0.10,NA,0.20,NA,NA,NA,2.70,NA,NA,NA,0.00,18.30,15.60,0.10,0.00,5.00
_,_,c.,Hookworm disease,0.70,NA,0.10,16.60,0.00,6.40,0.00,NA,NA,0.00,0.00,0.00,134.10,0.00,NA,NA,0.00,2.00,0.00,6.50,NA,1.90,43.70,NA,NA,3.70,9.40,0.10,6.90,NA,0.00,6.60,11.10,0.10,221.80,40.70,0.70,4.00,1.90,11.10,NA,7.70,NA,NA,0.10,67.00,NA,0.10,0.00,1.20,18.00,1.30,0.60,0.30,NA,53.70,1.30,NA,NA,1.30,0.30,0.00,NA,3.80,NA,0.10,19.00,12.30,0.60,0.10,0.40,1.10,NA,NA,341.70,57.40,0.50,0.00,NA,NA,NA,0.70,NA,0.30,0.10,8.70,0.00,NA,0.00,2.80,NA,0.00,1.90,5.30,0.00,NA,NA,6.30,1.70,39.50,0.00,3.90,NA,0.30,0.00,0.30,0.00,0.00,NA,0.10,22.50,2.90,1.70,37.20,NA,NA,0.00,0.80,58.50,NA,0.00,5.10,0.00,33.10,1.40,1.10,59.40,NA,NA,0.00,0.20,NA,NA,NA,14.70,0.10,0.10,0.00,0.10,3.00,1.40,NA,0.10,3.40,NA,NA,NA,1.00,10.60,57.10,4.00,NA,5.10,12.80,0.10,3.00,NA,NA,0.80,0.00,46.00,NA,0.30,1.20,0.00,0.00,0.00,0.30,0.00,12.80,NA,0.00,NA,58.80,NA,NA,0.10,0.60,4.00,43.90,1.60,22.60,14.10
_,_,d.,Food-bourne trematodes,NA,NA,NA,NA,NA,NA,NA,NA,NA,NA,NA,NA,4.30,NA,NA,NA,NA,NA,NA,11.00,NA,NA,NA,NA,NA,NA,NA,5.20,NA,NA,NA,NA,NA,NA,845.00,NA,NA,NA,NA,NA,NA,NA,NA,NA,5.50,NA,NA,NA,NA,5.00,15.90,NA,NA,NA,NA,NA,NA,NA,NA,NA,NA,NA,NA,NA,NA,NA,NA,NA,NA,NA,NA,NA,NA,NA,NA,NA,0.70,NA,NA,NA,NA,NA,0.70,NA,0.00,NA,NA,NA,NA,3.00,NA,NA,NA,NA,NA,NA,NA,NA,NA,NA,NA,NA,NA,NA,NA,NA,NA,0.30,NA,NA,NA,17.60,NA,NA,NA,NA,NA,NA,NA,NA,NA,NA,NA,NA,NA,33.20,1.70,NA,0.10,NA,15.10,NA,NA,1.70,NA,NA,NA,NA,NA,NA,NA,NA,NA,NA,NA,NA,NA,NA,NA,NA,NA,0.00,NA,NA,NA,NA,NA,NA,NA,NA,62.60,NA,NA,NA,NA,NA,NA,NA,NA,NA,0.20,NA,NA,NA,NA,NA,NA,NA,NA,37.60,NA,NA,NA
_,11,Leprosy,_,0.10,0.00,NA,1.70,NA,1.00,NA,0.00,NA,NA,NA,0.00,10.60,0.00,NA,NA,0.00,1.90,0.10,0.20,NA,0.00,47.60,0.00,NA,1.40,0.50,3.00,0.50,0.00,0.00,0.90,1.20,0.00,34.20,1.20,0.10,0.50,0.00,2.70,NA,0.40,NA,NA,NA,8.90,NA,0.00,0.30,0.10,1.10,0.00,0.00,0.00,NA,7.40,0.00,NA,NA,0.20,0.10,NA,NA,0.60,0.00,0.00,0.00,3.00,0.10,0.10,0.00,0.00,NA,NA,242.90,28.90,0.60,0.00,NA,0.00,0.00,0.00,0.00,NA,0.00,0.50,0.00,0.00,NA,0.60,NA,0.00,0.00,0.20,0.00,NA,NA,6.60,1.30,0.20,0.00,0.70,NA,0.20,0.20,0.50,0.00,NA,NA,0.20,5.50,11.70,0.00,4.30,NA,0.00,0.00,2.20,10.00,NA,0.10,3.20,0.00,0.50,0.70,0.20,2.00,NA,0.00,0.00,0.80,NA,NA,0.00,0.10,0.00,0.00,0.00,0.00,0.10,1.00,NA,0.00,0.60,0.00,NA,NA,0.00,0.30,1.20,4.70,0.00,2.10,1.40,0.10,0.00,NA,0.00,0.00,NA,2.30,NA,0.30,0.70,0.00,0.00,0.10,0.00,0.00,1.50,NA,0.00,0.00,5.80,0.00,0.10,0.00,0.00,0.70,6.60,0.80,0.50,0.40
_,12,Other infectious diseases,_,113.40,1.40,45.90,603.00,0.20,35.30,1.50,33.70,5.00,12.10,1.10,1.00,897.20,0.90,3.70,17.10,1.00,92.00,9.40,17.30,1.10,6.50,516.50,1.10,2.00,307.70,110.90,102.40,216.90,60.60,1.30,54.20,174.70,27.40,786.40,76.60,5.20,54.00,4.50,318.80,5.00,13.30,1.40,27.30,19.00,2199.00,7.30,9.40,10.50,36.30,171.80,6.10,6.10,31.00,1.00,781.70,2.60,4.60,81.50,23.10,18.80,2.10,124.10,143.70,2.20,0.30,50.60,153.80,4.90,2.60,32.20,10.80,4.50,0.20,4076.20,1053.00,35.10,52.10,3.30,15.10,116.90,5.90,177.30,6.80,26.90,675.40,0.50,1.80,13.60,44.50,2.30,5.00,5.60,36.80,4.80,10.80,0.60,203.40,86.20,43.20,0.50,136.60,0.30,30.60,3.10,186.30,0.40,2.10,0.20,37.80,298.10,319.00,6.30,156.70,28.60,3.30,4.90,136.80,2091.20,6.40,5.80,1391.00,12.00,21.40,6.40,33.80,356.60,7.60,14.30,1.40,66.40,2.40,31.50,83.90,90.40,0.40,0.40,0.40,2.70,20.70,76.40,9.40,0.30,167.30,3.60,5.60,2.20,1.60,134.40,158.80,83.90,56.10,61.90,182.50,1.00,4.30,14.10,5.70,22.10,27.70,188.70,0.90,6.00,57.20,0.20,3.90,7.00,105.80,12.70,330.20,21.30,4.80,71.30,455.00,552.00,5.70,96.40,0.40,73.80,216.30,75.80,126.70,36.20
