﻿Global Health Estimates 2015: DALYs by cause globally; 2015 and 2000,_b,_c,_d,_e,_f,_g,_h,_i,_j,_k,_l
Reference: ,World Health Organization (2017) WHO Methods and Data Sources for Global Burden of Disease Estimates 2000-2015; Department of Information; Evidence and Research WHO; Geneva. ,_,_,_,_,_,_,_,_,_,_
URL:,https://www.who.int/healthinfo/global_burden_disease/GlobalDALYmethods_2000_2015.pdf,_,_,_,_,_,_,_,_,_,_
_,_,_,_,_,_,_,_,_,_,_,_
_,_,_,_,Year,2015,_,2000,_,_,_,_
_,_,_,_,Region,GLOBAL,_,GLOBAL,_,_,_,_
_,_,_,_,Population (thousands),"7,344,362",_,"6,122,410",_,_,_,_
_,Cause of death,_,_,_,DALYs (000s),% total,DALYs (000s),% total,Included in analysis,Code used in analysis,ICD-10 Codes
_,All Causes,_,_,_,"2,668,295",100,"2,805,626",100,N,NA,NA
I.,Communicable; maternal; perinatal and nutritional conditions,_,_,_,"829,419",31,"1,231,170",44,N,NA,NA
_,A.,Infectious and parasitic diseases,_,_,"359,341",13,"601,421",21,N,NA,A00-B99; G00-G04; G14; N70-N73; P37.3; P37.4 
_,_,1,Tuberculosis,_,"56,037",2,"71,516",3,Y,IA1,A15-A19; B90
_,_,2,STDs excluding HIV,_,"11,208",0,"12,886",0,Y,IA2,A50-A64; N70-N73
_,_,_,a.,Syphilis,"8,065",0,"10,361",0,Y,IA2,A50-A53 
_,_,_,b.,Chlamydia,955,0,807,0,Y,IA2,A55-A56
_,_,_,c.,Gonorrhoea,"1,187",0,839,0,Y,IA2,A54
_,_,_,d.,Trichomoniasis,194,0,153,0,Y,IA2,A59
_,_,_,e.,Genital herpes,236,0,180,0,Y,IA2,A60
_,_,_,f.,Other STDs,571,0,545,0,Y,IA2,A57-A58; A63-A64; N70-N73 
_,_,3,HIV/AIDS,_,"62,759",2,"89,509",3,Y,IA3,B20-B24 (minus B20.0) 
_,_,4,Diarrhoeal diseases,_,"84,928",3,"154,973",6,Y,IA4,A00; A01; A03; A04; A06-A09 
_,_,5,Childhood-cluster diseases,_,"23,232",1,"90,776",3,Y,IA5,A33-A37; B05 
_,_,_,a.,Whooping cough,"6,040",0,"6,755",0,Y,IA5,A37 
_,_,_,b.,Diphtheria,232,0,761,0,Y,IA5,A36 
_,_,_,c.,Measles,"12,279",0,"65,300",2,Y,IA5,B05 
_,_,_,d.,Tetanus,"4,681",0,"17,961",1,Y,IA5,A33-A35 
_,_,6,Meningitis,_,"23,267",1,"34,657",1,Y,IA6,A39; G00; G03 
_,_,7,Encephalitis,_,"6,050",0,"9,114",0,Y,IA7,A83-A86; B94.1; G04 
_,_,8,Hepatitis,_,"7,270",0,"7,541",0,Y,IA8,B15-B19 (minus B17.8) 
_,_,_,a.,Acute hepatitis A,"1,044",0,"1,815",0,Y,IA8,B15 
_,_,_,b.,Acute hepatitis B,"3,571",0,"2,976",0,Y,IA8,B16-B19 (minus B17.1; B17.2; B18.2; B18.8) 
_,_,_,c.,Acute hepatitis C,130,0,129,0,Y,IA8,B17.1; B18.2 
_,_,_,d.,Acute hepatitis E,"2,525",0,"2,621",0,Y,IA8,B17.2; B18.8 
_,_,9,Parasitic and vector diseases,_,"55,140",2,"99,622",4,Y,IA9,A71; A82; A90-A91; A95; B50-B57; B65; B67; B69; B73; B74.0-B74.2; P37.3-P37.4 
_,_,_,a.,Malaria,"38,520",1,"76,565",3,Y,IA9,B50-B54; P37.3; P37.4
_,_,_,b.,African Trypanosomiasis,372,0,"2,734",0,Y,IA9,B56
_,_,_,c.,Chagas disease,253,0,329,0,Y,IA9,B57
_,_,_,d.,Schistosomiasis,"3,514",0,"5,032",0,Y,IA9,B65 
_,_,_,e.,Leishmaniasis,"1,357",0,"1,282",0,Y,IA9,B55
_,_,_,f.,lymphatic filariasis,"2,071",0,"2,408",0,Y,IA9,B74.0-B74.2
_,_,_,g.,Onchocerciasis,"1,136",0,"1,494",0,Y,IA9,B73
_,_,_,h.,Cysticercosis,"1,857",0,"3,174",0,Y,IA9,B69
_,_,_,i.,Echinococcosis,642,0,"1,152",0,Y,IA9,B67 
_,_,_,j.,Dengue,"2,613",0,837,0,Y,IA9,A90-A91
_,_,_,k.,Trachoma,279,0,303,0,Y,IA9,A71
_,_,_,l.,Yellow fever,856,0,"1,124",0,Y,IA9,A95
_,_,_,m.,Rabies,"1,672",0,"3,187",0,Y,IA9,A82
_,_,10,Intestinal nematode infections,_,"4,461",0,"5,727",0,Y,IA10,B76-B81
_,_,_,a.,Ascariasis,"1,096",0,"1,865",0,Y,IA10,B77
_,_,_,b.,Trichuriasis,543,0,633,0,Y,IA10,B79
_,_,_,c.,Hookworm disease,"1,756",0,"2,032",0,Y,IA10,B76 
_,_,_,d.,Food-bourne trematodes,"1,066",0,"1,197",0,Y,IA10,B78; B80; B81 
_,_,11,Leprosy,_,489,0,619,0,Y,IA11,A30
_,_,12,Other infectious diseases,_,"24,500",1,"24,481",1,Y,IA12,A02; A05; A20-A28; A31; A32; A38; A40-A49; A65-A70; A74- A79; A80-A81; A87-A89; A92-A99; B00-B04; B06-B09; B17.8; B25-B49; B58-B60; B64; B66; B68; B70-B72; B74.3-B74.9; B75; B82-B89; B91-B99 (minus B94.1); G14 
_,B.,Respiratory Infectious,_,_,"148,871",6,"212,414",8,N,NA,NA
_,_,1,Lower respiratory infections,_,"142,384",5,"206,202",7,N,NA,NA
_,_,2,Upper respiratory infections,_,"2,931",0,"2,676",0,N,NA,NA
_,_,3,Otitis media,_,"3,557",0,"3,536",0,N,NA,NA
_,C.,Maternal conditions,_,_,"19,620",1,"27,265",1,N,NA,NA
_,D.,Neonatal conditions,_,_,"223,037",8,"305,843",11,N,NA,NA
_,_,1,Preterm birth complications,_,"102,297",4,"127,771",5,N,NA,NA
_,_,2,Birth asphyxia and birth trauma,_,"67,266",3,"105,731",4,N,NA,NA
_,_,3,Neonatal sepsis and infections,_,"37,259",1,"49,618",2,N,NA,NA
_,_,4,Other neonatal conditions,_,"16,215",1,"22,723",1,N,NA,NA
_,E.,Nutritional deficiencies,_,_,"78,549",3,"84,227",3,N,NA,NA
_,_,1,Protein-energy malnutrition,_,"22,098",1,"27,346",1,N,NA,NA
_,_,2,Iodine deficiency,_,"2,493",0,"2,509",0,N,NA,NA
_,_,3,Vitamin A deficiency,_,232,0,197,0,N,NA,NA
_,_,4,Iron-deficiency anaemia,_,"52,080",2,"52,027",2,N,NA,NA
_,_,5,Other nutritional deficiencies,_,"1,646",0,"2,148",0,N,NA,NA
II.,Noncommunicable diseases,_,_,_,"1,546,428",58,"1,282,773",46,N,NA,NA
_,A.,Malignant neoplasms,_,_,"243,651",9,"203,958",7,N,NA,NA
_,_,1,Mouth and oropharynx cancers,_,"10,402",0,"7,764",0,N,NA,NA
_,_,_,a.,Lip and oral cavity,"5,198",0,"3,612",NA,N,NA,NA
_,_,_,b.,Nasopharynx,"1,963",0,"1,725",NA,N,NA,NA
_,_,_,c.,Other pharynx,"3,241",0,"2,426",NA,N,NA,NA
_,_,2,Oesophagus cancer,_,"10,607",0,"10,841",0,N,NA,NA
_,_,3,Stomach cancer,_,"18,953",1,"19,660",1,N,NA,NA
_,_,4,Colon and rectum cancers,_,"18,857",1,"14,449",1,N,NA,NA
_,_,5,Liver cancer,_,"22,599",1,"20,646",1,N,NA,NA
_,_,_,a.,Liver cancer secondary to hepatitis B,"10,749",0,"10,341",NA,N,NA,NA
_,_,_,b.,Liver cancer secondary to hepatitis C,"3,264",0,"2,496",NA,N,NA,NA
_,_,_,c.,Liver cancer secondary to alcohol use,"6,484",0,"4,864",NA,N,NA,NA
_,_,_,d.,Other liver cancer,"2,102",0,"2,945",NA,N,NA,NA
_,_,6,Pancreas cancer,_,"8,349",0,"5,842",0,N,NA,NA
_,_,7,Trachea; bronchus; lung cancers,_,"41,129",2,"32,468",1,N,NA,NA
_,_,8,Melanoma and other skin cancers,_,"3,034",0,"2,176",0,N,NA,NA
_,_,_,a.,Malignant skin melanoma,"1,806",0,"1,384",NA,N,NA,NA
_,_,_,b.,Non-melanoma skin cancer,"1,228",0,792,NA,N,NA,NA
_,_,9,Breast cancer,_,"19,629",1,"15,400",1,N,NA,NA
_,_,10,Cervix uteri cancer,_,"9,675",0,"8,740",0,N,NA,NA
_,_,11,Corpus uteri cancer,_,"2,555",0,"2,268",0,N,NA,NA
_,_,12,Ovary cancer,_,"5,027",0,"3,945",0,N,NA,NA
_,_,13,Prostate cancer,_,"6,908",0,"4,933",0,N,NA,NA
_,_,14,Testicular cancer,_,622,0,587,0,N,NA,NA
_,_,15,Kidney cancer,_,"4,277",0,"3,151",NA,N,NA,NA
_,_,16,Bladder cancer,_,"3,924",0,"3,155",0,N,NA,NA
_,_,17,Brain and nervous system cancers,_,"7,655",0,"6,660",0,N,NA,NA
_,_,18,Gallbladder and biliary tract cancer,_,"4,063",0,"3,369",0,N,NA,NA
_,_,19,Larynx cancer,_,"2,595",0,"2,376",0,N,NA,NA
_,_,20,Thyroid cancer,_,"1,268",0,963,0,N,NA,NA
_,_,21,Mesothelioma,_,571,0,419,0,N,NA,NA
_,_,22,Lymphomas; multiple myeloma,_,"10,436",0,"8,581",0,N,NA,NA
_,_,_,a.,Hodgkin lymphoma,"1,144",0,"1,385",NA,N,NA,NA
_,_,_,b.,Non-Hodgkin lymphoma,"7,033",0,"5,542",NA,N,NA,NA
_,_,_,c.,Multiple myeloma,"2,259",0,"1,654",NA,N,NA,NA
_,_,23,Leukaemia,_,"11,204",0,"10,830",0,N,NA,NA
_,_,24,Other malignant neoplasms,_,"19,312",1,"14,736",1,N,NA,NA
_,B.,Other neoplasms,_,_,"5,610",0,"3,538",0,N,NA,NA
_,C.,Diabetes mellitus,_,_,"70,667",3,"44,896",2,N,NA,NA
_,D.,Endocrine; blood; immune disorders,_,_,"29,633",1,"27,529",1,N,NA,NA
_,_,1,Thalassaemias,_,"5,225",0,"5,348",0,N,NA,NA
_,_,2,Sickle cell disorders and trait,_,"11,205",0,"10,248",0,N,NA,NA
_,_,3,Other haemoglobinopathies and haemolytic anaemias,_,"5,278",0,"5,606",0,N,NA,NA
_,_,4,Other endocrine; blood and immune disorders,_,"7,924",0,"6,328",0,N,NA,NA
_,E.,Mental and substance use disorders,_,_,"169,427",6,"135,802",5,N,NA,NA
_,_,1,Depressive disorders,_,"54,215",2,"41,789",1,N,NA,NA
_,_,_,a.,Major depressive disorder,"44,191",2,"34,175",NA,N,NA,NA
_,_,_,b.,Dysthymia,"10,023",0,"7,614",NA,N,NA,NA
_,_,2,Bipolar disorder,_,"8,998",0,"7,219",0,N,NA,NA
_,_,3,Schizophrenia,_,"15,633",1,"12,180",0,N,NA,NA
_,_,4,Alcohol use disorders,_,"13,049",0,"12,814",0,N,NA,NA
_,_,5,Drug use disorders,_,"17,629",1,"12,346",0,N,NA,NA
_,_,_,a.,Opioid use disorders,"12,897",0,"9,290",NA,N,NA,NA
_,_,_,b.,Cocaine use disorders,"1,047",0,557,NA,N,NA,NA
_,_,_,c.,Amphetamine use disorders,"1,421",0,720,NA,N,NA,NA
_,_,_,d.,Cannabis use disorders,577,0,517,NA,N,NA,NA
_,_,_,e.,Other drug use disorders,"1,688",0,"1,263",NA,N,NA,NA
_,_,6,Anxiety disorders,_,"24,621",1,"19,947",1,N,NA,NA
_,_,7,Eating disorders,_,"1,506",0,"1,166",0,N,NA,NA
_,_,8,Autism and Asperger syndrome,_,"10,045",0,"8,420",NA,N,NA,NA
_,_,9,Childhood behavioural disorders,_,"6,386",0,"6,231",0,N,NA,NA
_,_,_,a.,Attention deficit/hyperactivity syndrome,620,0,611,NA,N,NA,NA
_,_,_,b.,Conduct disorder,"5,766",0,"5,620",NA,N,NA,NA
_,_,10,Idiopathic intellectual disability,_,"7,740",0,"6,331",0,N,NA,NA
_,_,11,Other mental and behavioural disorders,_,"9,606",0,"7,357",NA,N,NA,NA
_,F.,Neurological conditions,_,_,"85,253",3,"63,642",2,N,NA,NA
_,_,1,Alzheimer disease and other dementias,_,"28,973",1,"14,960",1,N,NA,NA
_,_,2,Parkinson disease,_,"2,608",0,"1,519",0,N,NA,NA
_,_,3,Epilepsy,_,"14,621",1,"16,069",1,N,NA,NA
_,_,4,Multiple sclerosis,_,"1,477",0,"1,280",NA,N,NA,NA
_,_,5,Migraine,_,"26,563",1,"21,308",1,N,NA,NA
_,_,6,Non-migraine headache,_,"4,246",0,"3,340",0,N,NA,NA
_,_,7,Other neurological conditions,_,"6,765",0,"5,167",0,N,NA,NA
_,G.,Sense organ diseases,_,_,"62,470",2,"49,940",2,N,NA,NA
_,_,1,Glaucoma,_,"1,398",0,852,0,N,NA,NA
_,_,2,Cataracts,_,"6,802",0,"8,083",0,N,NA,NA
_,_,3,Uncorrected refractive errors,_,"14,070",1,"12,695",0,N,NA,NA
_,_,4,Macular degeneration,_,"1,560",0,"1,015",0,N,NA,NA
_,_,5,Other vision loss,_,"7,876",0,"6,667",0,N,NA,NA
_,_,6,Other hearing loss,_,"24,085",1,"15,758",1,N,NA,NA
_,_,7,Other sense organ disorders,_,"6,679",0,"4,869",0,N,NA,NA
_,H.,Cardiovascular diseases,_,_,"407,637",15,"343,507",12,N,NA,NA
_,_,1,Rheumatic heart disease,_,"11,447",0,"12,137",0,N,NA,NA
_,_,2,Hypertensive heart disease,_,"20,460",1,"15,462",1,N,NA,NA
_,_,3,Ischaemic heart disease,_,"192,056",7,"153,892",5,N,NA,NA
_,_,4,Stroke,_,"139,874",5,"124,386",4,N,NA,NA
_,_,_,a.,Ischaemic stroke,"54,881",2,"47,755",NA,N,NA,NA
_,_,_,b.,Haemorrhagic stroke,"84,993",3,"76,631",NA,N,NA,NA
_,_,5,Cardiomyopathy; myocarditis; endocarditis,_,"13,125",0,"11,495",0,N,NA,NA
_,_,6,Other circulatory diseases,_,"30,675",1,"26,135",1,N,NA,NA
_,I.,Respiratory diseases,_,_,"110,344",4,"109,882",4,N,NA,NA
_,_,1,Chronic obstructive pulmonary disease,_,"72,815",3,"71,151",3,N,NA,NA
_,_,2,Asthma,_,"27,223",1,"29,845",1,N,NA,NA
_,_,3,Other respiratory diseases,_,"10,306",0,"8,886",0,N,NA,NA
_,J.,Digestive diseases,_,_,"87,126",3,"74,702",3,N,NA,NA
_,_,1,Peptic ulcer disease,_,"8,845",0,"11,479",0,N,NA,NA
_,_,2,Cirrhosis of the liver,_,"41,486",2,"34,035",1,N,NA,NA
_,_,_,a.,Cirrhosis due to hepatitis B,"17,406",1,"13,377",NA,N,NA,NA
_,_,_,b.,Cirrhosis due to hepatitis C,"7,338",0,"5,929",NA,N,NA,NA
_,_,_,c.,Cirrhosis due to alcohol use,"10,711",0,"9,125",NA,N,NA,NA
_,_,_,d.,Other liver cirrhosis,"6,031",0,"5,604",NA,N,NA,NA
_,_,3,Appendicitis,_,"2,149",0,"1,869",0,N,NA,NA
_,_,4,Gastritis and duodenitis,_,"6,245",0,"5,374",0,N,NA,NA
_,_,5,Paralytic ileus and intestinal obstruction,_,"7,405",0,"5,596",0,N,NA,NA
_,_,6,Inflammatory bowel disease,_,"3,537",0,"2,850",0,N,NA,NA
_,_,7,Gallbladder and biliary diseases,_,"3,223",0,"2,459",0,N,NA,NA
_,_,8,Pancreatitis,_,"3,770",0,"2,485",0,N,NA,NA
_,_,9,Other digestive diseases,_,"10,464",0,"8,555",0,N,NA,NA
_,K.,Genitourinary diseases,_,_,"61,605",2,"46,498",2,N,NA,NA
_,_,1,Kidney diseases,_,"38,104",1,"27,490",1,N,NA,NA
_,_,_,a.,Acute glomerulonephritis,380,0,437,NA,N,NA,NA
_,_,_,b.,Chronic kidney disease due to diabetes,"11,030",0,"7,170",NA,N,NA,NA
_,_,_,c.,Other chronic kidney disease,"26,694",1,"19,884",NA,N,NA,NA
_,_,2,Benign prostatic hyperplasia,_,"3,790",0,"2,591",0,N,NA,NA
_,_,3,Urolithiasis,_,482,0,545,0,N,NA,NA
_,_,4,Other urinary diseases,_,"5,945",0,"4,924",0,N,NA,NA
_,_,5,Infertility,_,"3,165",0,"2,382",0,N,NA,NA
_,_,6,Gynecological diseases,_,"10,120",0,"8,566",0,N,NA,NA
_,L.,Skin diseases,_,_,"23,324",1,"19,572",1,N,NA,NA
_,M.,Musculoskeletal diseases,_,_,"107,886",4,"80,226",3,N,NA,NA
_,_,1,Rheumatoid arthritis,_,"6,839",0,"4,999",0,N,NA,NA
_,_,2,Osteoarthritis,_,"12,875",0,"8,271",0,N,NA,NA
_,_,3,Gout,_,"1,342",0,936,0,N,NA,NA
_,_,4,Back and neck pain,_,"52,016",2,"40,018",1,N,NA,NA
_,_,5,Other musculoskeletal disorders,_,"34,814",1,"26,001",1,N,NA,NA
_,N.,Congenital anomalies,_,_,"64,825",2,"66,477",2,N,NA,NA
_,_,1,Neural tube defects,_,"6,429",0,"8,691",0,N,NA,NA
_,_,2,Cleft lip and cleft palate,_,206,0,566,0,N,NA,NA
_,_,3,Down syndrome,_,"2,747",0,"2,849",0,N,NA,NA
_,_,4,Congenital heart anomalies,_,"27,589",1,"31,431",1,N,NA,NA
_,_,5,Other chromosomal anomalies,_,"3,033",0,"2,625",0,N,NA,NA
_,_,6,Other congenital anomalies,_,"24,822",1,"20,314",1,N,NA,NA
_,O.,Oral conditions,_,_,"16,972",1,"12,604",0,N,NA,NA
_,_,1,Dental caries,_,"1,889",0,"1,588",0,N,NA,NA
_,_,2,Periodontal disease,_,"3,518",0,"2,500",0,N,NA,NA
_,_,3,Edentulism,_,"7,633",0,"5,376",0,N,NA,NA
_,_,4,Other oral disorders,_,"3,932",0,"3,141",0,N,NA,NA
_,P.,Sudden infant death syndrome,_,_,"1,782",0,"1,796",0,N,NA,NA
III.,Injuries,_,_,_,"290,667",11,"289,886",10,N,NA,NA
_,A.,Unintentional injuries,_,_,"212,207",8,"213,049",8,N,NA,NA
_,_,1,Road injury,_,"76,020",3,"67,461",2,N,NA,NA
_,_,2,Poisonings,_,"6,558",0,"8,452",0,N,NA,NA
_,_,3,Falls,_,"31,509",1,"27,007",1,N,NA,NA
_,_,4,Fire; heat and hot substances,_,"12,041",0,"15,103",1,N,NA,NA
_,_,5,Drowning,_,"22,655",1,"30,034",1,N,NA,NA
_,_,6,Exposure to mechanical forces,_,"15,198",1,"15,759",1,N,NA,NA
_,_,7,Natural disasters,_,"1,461",0,999,0,N,NA,NA
_,_,8,Other unintentional injuries,_,"46,763",2,"48,233",2,N,NA,NA
_,B.,Intentional injuries,_,_,"78,460",3,"76,838",3,N,NA,NA
_,_,1,Self-harm,_,"37,672",1,"37,806",1,N,NA,NA
_,_,2,Interpersonal violence,_,"27,767",1,"28,720",1,N,NA,NA
_,_,3,Collective violence and legal intervention,_,"13,021",0,"10,311",0,N,NA,NA
