{
  "chart": {
    "title": "Year of the last reported rinderpest case",
    "subtitle": "Rinderpest, also known as cattle plague, was a disease that infected ruminant animals, primarily cattle and buffalo. The last outbreak was recorded in Kenya in 2001 and the disease was officially declared eradicated in 2011.",
    "citation": "OIE (2018)",
    "originalChartUrl": "https://ourworldindata.org/grapher/year-of-the-last-reported-rinderpest-case?v=1&csvType=full&useColumnShortNames=false",
    "selection": []
  },
  "columns": {
    "Year of the last reported Rinderpest case": {
      "titleShort": "Year of the last reported Rinderpest case",
      "titleLong": "Year of the last reported Rinderpest case",
      "unit": "",
      "timespan": "",
      "type": "NumberOrString",
      "owidVariableId": 98714,
      "citationShort": " – processed by Our World in Data",
      "citationLong": " – processed by Our World in Data. “Year of the last reported Rinderpest case” [dataset]. World Organization for Animal Health (OIE) (2018) [original data].",
      "fullMetadata": "https://api.ourworldindata.org/v1/indicators/98714.metadata.json"
    }
  },
  "dateDownloaded": "2025-03-18",
  "activeFilters": {}
}