{
  "chart": {
    "title": "Countries where guinea worm disease is endemic",
    "subtitle": "To be certified as free of [guinea worm disease](#dod:guinea-worm), a country must have reported zero indigenous cases through active surveillance for at least three consecutive years.",
    "note": "A disease outbreak is endemic in a country if it is consistently present in the country. Countries labeled pre-certification are endemic countries that have reported zero indigenous cases in the calendar year. Countries labeled pending surveillance have not had sufficient testing to determine their status or the number of cases in the country.",
    "citation": "World Health Organization (2024)",
    "originalChartUrl": "https://ourworldindata.org/grapher/progress-towards-guinea-worm-disease-eradication?v=1&csvType=full&useColumnShortNames=false",
    "selection": [
      "Uruguay",
      "Lebanon",
      "Estonia",
      "Morocco"
    ]
  },
  "columns": {
    "Certification status over time": {
      "titleShort": "Certification status over time",
      "titleLong": "Certification status over time",
      "descriptionShort": "The current and historical values for the status of [Guinea worm disease (Dracunculiasis)](#dod:guinea-worm) as certified by the WHO. To be certified as free of guinea worm disease, a country must have reported zero indigenous cases through active surveillance for at least three consecutive years.",
      "descriptionKey": [
        "A country has to have no cases of guinea worm disease for three years while being actively surveilled to be \"certified disease free\".",
        "A disease outbreak is endemic in a country if it is consistently present in the country. Countries labeled pre-certification are endemic countries that have reported zero indigenous cases in the calendar year. Countries labeled pending surveillance have not had sufficient testing to determine their status or the number of cases in the country."
      ],
      "descriptionProcessing": "The current and historical values for the status of Guinea worm disease (Dracunculiasis) as certified by the WHO. To be certified as free of guinea worm disease, a country must have reported zero indigenous cases through active surveillance for at least three consecutive years.\nData regarding certification status is available at the WHO: https://web.archive.org/web/20211024081702/https://apps.who.int/dracunculiasis/dradata/html/report_Countries_t0.html\nWe have added the recent changes to Guinea worm disease certification: - Angola has had endemic statuss since 2020:  https://www.who.int/news/item/23-09-2020-eradicating-dracunculiasis-human-cases-and-animal-infections-decline-as-angola-becomes-endemic - Kenya was certified guinea worm free in 2018: https://www.who.int/news/item/21-03-2018-dracunculiasis-eradication-south-sudan-claims-interruption-of-transmission-in-humans - DRC was certified guinea worm free in 2022: https://www.who.int/news/item/15-12-2022-the-democratic-republic-of-the-congo-certified-free-of-dracunculiasis-transmission-by-who",
      "unit": "",
      "timespan": "1996-2023",
      "type": "String",
      "owidVariableId": 943085,
      "shortName": "certification_status",
      "lastUpdated": "2024-06-17",
      "nextUpdate": "2025-06-17",
      "citationShort": "World Health Organization (2024) – with major processing by Our World in Data",
      "citationLong": "World Health Organization (2024) – with major processing by Our World in Data. “Certification status over time – WHO” [dataset]. World Health Organization, “Certification status of dracunculiasis eradication” [original data].",
      "fullMetadata": "https://api.ourworldindata.org/v1/indicators/943085.metadata.json"
    }
  },
  "dateDownloaded": "2025-03-18",
  "activeFilters": {}
}